Drumming_bout,Subspecies,Population,Community,Individual,Date,Total_bout_duration,N_beats,N_Interbeats,Interbeat 1,Interbeat 2,Interbeat 3,Interbeat 4,Interbeat 5,Interbeat 6,Interbeat 7,Interbeat 8,Interbeat 9,Interbeat 10,Interbeat 11,Interbeat 12,Interbeat 13,Interbeat 14,Interbeat 15,Interbeat 16,Interbeat 17,Interbeat 18,Interbeat 19,Interbeat 20,Interbeat 21,Interbeat 22,Interbeat 23,Interbeat 24,Interbeat 25,Interbeat 26,With_Ph,Start_Ph,End_Ph,Start_Ph_N,End_Ph_N,Context_Before,Context_After,Context
2,EAC,Budongo,Sonso,Individual 48,16.10.18,0.08839,2,1,0.088391,,,,,,,,,,,,,,,,,,,,,,,,,,With,Climax,Climax,2,2,Traveling,Traveling,Traveling
3,EAC,Budongo,Sonso,Individual 48,16.10.18,0.73884,4,3,0.089657,0.523,0.126184,,,,,,,,,,,,,,,,,,,,,,,,With,Build-Up,Build-Up,1,1,Resting,Resting,Resting
4,EAC,Budongo,Sonso,Individual 47,18.10.18,0.06392,2,1,0.063922,,,,,,,,,,,,,,,,,,,,,,,,,,With,Build-Up,Build-Up,1,1,Traveling,Traveling,Traveling
5,EAC,Budongo,Sonso,Individual 54,24.10.18,2.2991,8,7,0.076402,0.687372,0.089657,0.637562,0.089657,0.614318,0.104133,,,,,,,,,,,,,,,,,,,,With,Climax,Climax,2,2,Traveling,Traveling,Traveling
6,EAC,Budongo,Sonso,Individual 60,27.10.18,1.47768,5,4,0.073054,0.189276,1.122375,0.092978,,,,,,,,,,,,,,,,,,,,,,,With,Climax,Climax,2,2,Traveling,Feeding,Traveling
7,EAC,Budongo,Sonso,Individual 60,27.10.18,1.26184,13,12,0.119543,0.092978,0.076375,0.109581,0.109581,0.109581,0.149429,0.083016,0.149429,0.066413,0.152749,0.043168,,,,,,,,,,,,,,,With,Climax,Climax,2,2,Traveling,Resting,Traveling
8,EAC,Budongo,Sonso,Individual 60,27.10.18,1.49429,15,14,0.06593,0.131165,0.059771,0.111241,0.059771,0.164371,0.079695,0.126184,0.141127,0.086337,0.129505,0.097959,0.132825,0.108403,,,,,,,,,,,,,With,Climax,Let-Down,2,3,Traveling,Traveling,Traveling
9,EAC,Budongo,Sonso,Individual 60,27.10.18,1.57962,16,15,0.12186,0.10294,0.092978,0.069733,0.092978,0.142787,0.112902,0.122864,0.109581,0.063092,0.079695,0.162711,0.056451,0.169352,0.079695,,,,,,,,,,,,With,Climax,Climax,2,2,Traveling,Resting,Traveling
11,EAC,Budongo,Sonso,Individual 55,05.11.18,1.28763,5,4,0.076215,0.786219,0.084238,0.340962,,,,,,,,,,,,,,,,,,,,,,,With,Climax,Climax,2,2,Resting,Resting,Resting
12,EAC,Budongo,Sonso,Individual 51,12.11.18,0.11232,2,1,0.112317,,,,,,,,,,,,,,,,,,,,,,,,,,With,Climax,Climax,2,2,Traveling,Traveling,Traveling
14,EAC,Budongo,Sonso,Individual 58,13.11.18,1.45361,6,5,0.078676,0.642543,0.068073,0.582771,0.081545,,,,,,,,,,,,,,,,,,,,,,With,Unk,Let-Down,0,3,Traveling,Traveling,Traveling
15,EAC,Budongo,Sonso,Individual 58,13.11.18,0.09427,2,1,0.094266,,,,,,,,,,,,,,,,,,,,,,,,,,With,Let-Down,Let-Down,3,3,Traveling,Traveling,Traveling
16,EAC,Budongo,Sonso,Individual 58,13.11.18,1.38739,6,5,0.06247,0.677913,0.112317,0.467319,0.067285,,,,,,,,,,,,,,,,,,,,,,With,Climax,Climax,2,2,Traveling,Traveling,Traveling
17,EAC,Budongo,Sonso,Individual 58,13.11.18,0.89854,4,3,0.050142,0.778196,0.070198,,,,,,,,,,,,,,,,,,,,,,,,With,Let-Down,Let-Down,3,3,Traveling,Traveling,Traveling
18,EAC,Budongo,Sonso,Individual 58,13.11.18,0.84577,3,2,0.111705,0.734065,,,,,,,,,,,,,,,,,,,,,,,,,With,Climax,Climax,2,2,Traveling,Traveling,Traveling
19,EAC,Budongo,Sonso,Individual 58,13.11.18,0.70614,4,3,0.053567,0.574485,0.078086,,,,,,,,,,,,,,,,,,,,,,,,With,Let-Down,Let-Down,3,3,Traveling,Traveling,Traveling
21,EAC,Budongo,Sonso,Individual 47,13.11.18,0,1,0,,,,,,,,,,,,,,,,,,,,,,,,,,,With,Let-Down,Let-Down,3,3,Resting,NV,Resting
22,EAC,Budongo,Sonso,Individual 47,13.11.18,1.44673,4,3,0.071511,1.267031,0.108184,,,,,,,,,,,,,,,,,,,,,,,,With,Unk,Unk,0,0,Traveling,Traveling,Traveling
23,EAC,Budongo,Sonso,Individual 47,13.11.18,2.04176,8,7,0.072204,0.581641,0.068192,0.581641,0.064181,0.605709,0.068192,,,,,,,,,,,,,,,,,,,,With,Build-Up,Let-Down,1,3,Traveling,Traveling,Traveling
24,EAC,Budongo,Sonso,Individual 49,21.11.18,0.12636,2,1,0.126357,,,,,,,,,,,,,,,,,,,,,,,,,,With,Let-Down,Let-Down,3,3,Resting,Resting,Resting
25,EAC,Budongo,Sonso,Individual 57,22.11.18,4.39091,8,7,0.104886,0.161515,0.550621,0.948826,0.910359,0.966594,0.748104,,,,,,,,,,,,,,,,,,,,With,Build-Up,Build-Up,1,1,Traveling,Traveling,Traveling
27,EAC,Budongo,Sonso,Individual 51,01.12.18,0.07421,2,1,0.074209,,,,,,,,,,,,,,,,,,,,,,,,,,With,Build-Up,Build-Up,1,1,Traveling,Traveling,Traveling
28,EAC,Budongo,Sonso,Individual 48,01.12.18,0.07772,2,1,0.077719,,,,,,,,,,,,,,,,,,,,,,,,,,With,Climax,Climax,2,2,Resting,Traveling,Traveling
29,EAC,Budongo,Sonso,Individual 48,01.12.18,0.06864,2,1,0.068644,,,,,,,,,,,,,,,,,,,,,,,,,,With,Climax,Climax,2,2,Resting,Resting,Resting
30,EAC,Budongo,Sonso,Individual 48,01.12.18,0.088,2,1,0.087997,,,,,,,,,,,,,,,,,,,,,,,,,,With,Climax,Climax,2,2,Resting,Resting,Resting
31,EAC,Budongo,Sonso,Individual 48,01.12.18,0.09057,2,1,0.090568,,,,,,,,,,,,,,,,,,,,,,,,,,With,Build-Up,Build-Up,1,1,Resting,Resting,Resting
32,EAC,Budongo,Sonso,Individual 57,19.03.19,0.08053,2,1,0.080525,,,,,,,,,,,,,,,,,,,,,,,,,,With,Build-Up,Build-Up,1,1,Traveling,Traveling,Traveling
33,EAC,Budongo,Sonso,Individual 56,31.03.19,2.22895,13,12,0.148619,0.208388,0.077477,0.199741,0.116216,0.189686,0.092171,0.238227,0.081485,0.354858,0.27785,0.244231,,,,,,,,,,,,,,,With,Climax,Climax,2,2,Traveling,Traveling,Traveling
34,EAC,Budongo,Sonso,Individual 56,31.03.19,0,1,0,,,,,,,,,,,,,,,,,,,,,,,,,,,With,Let-Down,Let-Down,3,3,Traveling,Traveling,Traveling
35,EAC,Budongo,Sonso,Individual 56,31.03.19,0.18334,2,1,0.183336,,,,,,,,,,,,,,,,,,,,,,,,,,With,Let-Down,Let-Down,3,3,Traveling,Traveling,Traveling
36,EAC,Budongo,Sonso,Individual 48,06.04.19,0.06733,2,1,0.067326,,,,,,,,,,,,,,,,,,,,,,,,,,With,Build-Up,Build-Up,1,1,Resting,Traveling,Traveling
37,EAC,Budongo,Sonso,Individual 48,06.04.19,0.0963,2,1,0.096298,,,,,,,,,,,,,,,,,,,,,,,,,,With,Climax,Climax,2,2,Resting,Traveling,Traveling
38,EAC,Budongo,Sonso,Individual 48,06.04.19,0.08966,2,1,0.089657,,,,,,,,,,,,,,,,,,,,,,,,,,With,Let-Down,Let-Down,3,3,Resting,Traveling,Traveling
42,EAC,Budongo,Sonso,Individual 55,16.04.19,0,1,0,,,,,,,,,,,,,,,,,,,,,,,,,,,With,Build-Up,Build-Up,1,1,Resting,Resting,Resting
43,EAC,Budongo,Sonso,Individual 55,16.04.19,1.11407,4,3,0.167692,0.873327,0.073054,,,,,,,,,,,,,,,,,,,,,,,,With,Roar,Climax,1,2,Resting,Resting,Resting
44,EAC,Budongo,Sonso,Individual 58,07.06.19,0.84676,4,3,0.097129,0.650921,0.098713,,,,,,,,,,,,,,,,,,,,,,,,With,Climax,Let-Down,2,3,Traveling,Traveling,Traveling
45,EAC,Budongo,Sonso,Individual 58,07.06.19,0.0963,2,1,0.096298,,,,,,,,,,,,,,,,,,,,,,,,,,With,Build-Up,Build-Up,2,1,Traveling,Traveling,Traveling
46,EAC,Budongo,Sonso,Individual 58,07.06.19,0.09962,2,1,0.099619,,,,,,,,,,,,,,,,,,,,,,,,,,With,Let-Down,Let-Down,3,3,Traveling,Traveling,Traveling
47,EAC,Budongo,Sonso,Individual 58,07.06.19,0.07305,2,1,0.073054,,,,,,,,,,,,,,,,,,,,,,,,,,With,Let-Down,Let-Down,3,3,Traveling,Traveling,Traveling
48,EAC,Budongo,Sonso,Individual 58,07.06.19,0.04981,2,1,0.04981,,,,,,,,,,,,,,,,,,,,,,,,,,With,Let-Down,Let-Down,3,3,Traveling,Traveling,Traveling
49,EAC,Budongo,Sonso,Individual 58,07.06.19,0.78367,3,2,0.089657,0.694013,,,,,,,,,,,,,,,,,,,,,,,,,With,Pause,Climax,1,2,Traveling,Traveling,Traveling
50,EAC,Budongo,Sonso,Individual 56,26.06.19,0.42836,4,3,0.087167,0.278933,0.062262,,,,,,,,,,,,,,,,,,,,,,,,With,Let-Down,Let-Down,3,3,Traveling,Resting,Traveling
51,EAC,Budongo,Sonso,Individual 48,14.07.19,1.74665,5,4,0.082644,0.571149,0.063092,1.029768,,,,,,,,,,,,,,,,,,,,,,,With,Build-Up,Build-Up,1,1,Traveling,Traveling,Traveling
52,EAC,Budongo,Sonso,Individual 48,14.07.19,1.04419,6,5,0.101181,0.210457,0.437102,0.101181,0.194268,,,,,,,,,,,,,,,,,,,,,,With,Build-Up,Climax,1,2,Traveling,Resting,Traveling
53,EAC,Budongo,Sonso,Individual 48,14.07.19,0.10118,2,1,0.101181,,,,,,,,,,,,,,,,,,,,,,,,,,With,Build-Up,Build-Up,1,1,Traveling,Resting,Traveling
54,EAC,Budongo,Sonso,Individual 48,14.07.19,0.05977,2,1,0.059771,,,,,,,,,,,,,,,,,,,,,,,,,,With,Roar,Roar,1,1,Traveling,Traveling,Traveling
55,EAC,Budongo,Sonso,Individual 58,22.07.19,0.92978,4,3,0.081738,0.747143,0.100897,,,,,,,,,,,,,,,,,,,,,,,,With,Build-Up,Build-Up,1,1,Traveling,Traveling,Traveling
56,EAC,Budongo,Sonso,Individual 58,22.07.19,0.93891,4,3,0.10709,0.758765,0.073054,,,,,,,,,,,,,,,,,,,,,,,,With,Build-Up,Roar,1,1,Traveling,Traveling,Traveling
59,EAC,Budongo,Sonso,Individual 47,27.07.19,0.97627,5,4,0.442772,0.292216,0.166032,0.075247,,,,,,,,,,,,,,,,,,,,,,,With,Roar,Unk,1,0,Traveling,Resting,Traveling
60,EAC,Budongo,Sonso,Individual 47,27.07.19,1.12071,5,4,0.028225,0.777029,0.086337,0.229124,,,,,,,,,,,,,,,,,,,,,,,With,Build-Up,Let-Down,1,3,Resting,Resting,Resting
67,EAC,Budongo,Sonso,Individual 59,11.09.18,1.38475,8,7,0.110038,0.116229,0.145893,0.27695,0.326405,0.08902,0.320223,,,,,,,,,,,,,,,,,,,,With,Build-Up,Climax,1,2,Traveling,Traveling,Traveling
68,EAC,Budongo,Sonso,Individual 52,11.10.18,0.40198,3,2,0.08652,0.31546,,,,,,,,,,,,,,,,,,,,,,,,,With,Roar,Roar,1,1,Resting,Resting,Resting
69,EAC,Budongo,Sonso,Individual 47,13.10.18,1.65469,7,6,0.060781,0.332064,0.6276,0.073054,0.454927,0.10626,,,,,,,,,,,,,,,,,,,,,With,Roar,Let-Down,1,3,Traveling,Resting,Traveling
70,EAC,Budongo,Sonso,Individual 48,16.10.18,0.0787,2,1,0.078703,,,,,,,,,,,,,,,,,,,,,,,,,,With,Build-Up,Build-Up,1,1,Traveling,Traveling,Traveling
71,EAC,Budongo,Sonso,Individual 48,29.10.18,0.08966,2,1,0.089657,,,,,,,,,,,,,,,,,,,,,,,,,,With,Roar,Roar,1,1,Resting,Resting,Resting
72,EAC,Budongo,Sonso,Individual 56,31.10.18,1.59557,12,11,0.158818,0.129505,0.162711,0.066413,0.149429,0.10626,0.259001,0.086337,0.215841,0.099619,0.161623,,,,,,,,,,,,,,,,With,Climax,Let-Down,2,3,Traveling,Traveling,Traveling
73,EAC,Budongo,Sonso,Individual 49,31.10.18,0.38519,3,2,0.20754,0.177654,,,,,,,,,,,,,,,,,,,,,,,,,With,Build-Up,Build-Up,1,1,Traveling,Traveling,Traveling
74,EAC,Budongo,Sonso,Individual 48,31.10.18,0.08546,2,1,0.085459,,,,,,,,,,,,,,,,,,,,,,,,,,With,Build-Up,Build-Up,1,1,Traveling,Traveling,Traveling
75,EAC,Budongo,Sonso,Individual 49,01.12.18,0.11181,2,1,0.111806,,,,,,,,,,,,,,,,,,,,,,,,,,With,Build-Up,Build-Up,1,1,Traveling,Traveling,Traveling
76,EAC,Budongo,Sonso,Individual 60,01.12.18,2.5901,15,14,0.081623,0.132825,0.119543,0.534622,0.086337,0.096298,0.146108,0.063092,0.711993,0.249048,0.10294,0.056451,0.05313,0.156086,,,,,,,,,,,,,With,Build-Up,Let-Down,1,3,Traveling,Traveling,Traveling
78,EAC,Budongo,Sonso,Individual 54,18.03.19,0.11684,2,1,0.116844,,,,,,,,,,,,,,,,,,,,,,,,,,Without,0,0,0,0,Traveling,Traveling,Traveling
83,EAC,Budongo,Sonso,Individual 55,28.03.19,0.10792,2,1,0.107921,,,,,,,,,,,,,,,,,,,,,,,,,,With,Roar,Roar,1,1,Traveling,Resting,Traveling
89,EAC,Budongo,Sonso,Individual 48,02.05.19,0.09049,2,1,0.090487,,,,,,,,,,,,,,,,,,,,,,,,,,With,Build-Up,Build-Up,1,1,Traveling,Traveling,Traveling
92,EAC,Budongo,Sonso,Individual 60,16.06.19,0.38851,3,2,0.182635,0.205879,,,,,,,,,,,,,,,,,,,,,,,,,With,Build-Up,Build-Up,1,1,Traveling,Traveling,Traveling
94,EAC,Budongo,Sonso,Individual 49,18.06.19,0.48184,4,3,0.202902,0.122864,0.15607,,,,,,,,,,,,,,,,,,,,,,,,With,Build-Up,Build-Up,1,1,Traveling,Traveling,Traveling
95,EAC,Budongo,Sonso,Individual 49,18.06.19,0.31878,2,1,0.318781,,,,,,,,,,,,,,,,,,,,,,,,,,With,Build-Up,Build-Up,1,1,Traveling,Traveling,Traveling
97,EAC,Budongo,Sonso,Individual 57,25.06.19,0.06641,2,1,0.066413,,,,,,,,,,,,,,,,,,,,,,,,,,Without,0,0,0,0,Resting,Traveling,Traveling
98,EAC,Budongo,Sonso,Individual 57,25.06.19,0.10294,2,1,0.10294,,,,,,,,,,,,,,,,,,,,,,,,,,With,Build-Up,Build-Up,1,1,Resting,Traveling,Traveling
102,EAC,Budongo,Sonso,Individual 49,02.07.19,1.82465,6,5,0.114517,0.166032,1.281765,0.189276,0.073054,,,,,,,,,,,,,,,,,,,,,,With,Build-Up,Let-Down,1,3,Traveling,Traveling,Traveling
106,EAC,Budongo,Sonso,Individual 49,04.07.19,0.91982,6,5,0.132825,0.099619,0.099619,0.435003,0.152749,,,,,,,,,,,,,,,,,,,,,,With,Build-Up,Climax,1,2,Traveling,Resting,Traveling
107,EAC,Budongo,Sonso,Individual 49,04.07.19,0.97209,6,5,0.112041,0.073054,0.498095,0.179314,0.109581,,,,,,,,,,,,,,,,,,,,,,With,Build-Up,Climax,1,2,Resting,Resting,Resting
108,EAC,Budongo,Sonso,Individual 49,05.07.19,0.92978,2,1,0.92978,,,,,,,,,,,,,,,,,,,,,,,,,,With,Let-Down,Let-Down,3,3,Resting,Resting,Resting
118,EAC,Budongo,Sonso,Individual 49,27.07.19,1.1257,8,7,0.136146,0.092978,0.215841,0.132825,0.335384,0.10626,0.10626,,,,,,,,,,,,,,,,,,,,With,Build-Up,Climax,1,2,Resting,Resting,Resting
119,EAC,Budongo,Sonso,Individual 47,27.07.19,1.07589,4,3,0.059771,0.929778,0.086337,,,,,,,,,,,,,,,,,,,,,,,,With,Build-Up,Build-Up,1,1,Traveling,Resting,Traveling
127,EAC,Budongo,Sonso,Individual 48,06.03.19,0.08966,2,1,0.089657,,,,,,,,,,,,,,,,,,,,,,,,,,With,Build-Up,Build-Up,1,1,Traveling,Traveling,Traveling
128,EAC,Budongo,Sonso,Individual 48,06.03.19,0.80822,3,2,0.087646,0.720578,,,,,,,,,,,,,,,,,,,,,,,,,With,Build-Up,Build-Up,1,1,Traveling,Traveling,Traveling
129,EAC,Budongo,Sonso,Individual 55,06.12.19,0.27229,3,2,0.182635,0.089657,,,,,,,,,,,,,,,,,,,,,,,,,With,Climax,Climax,2,2,Traveling,Traveling,Traveling
130,EAC,Budongo,Sonso,Individual 60,06.12.19,0.73718,5,4,0.083016,0.185956,0.288895,0.179314,,,,,,,,,,,,,,,,,,,,,,,With,Climax,Climax,2,2,Traveling,Traveling,Traveling
131,EAC,Budongo,Sonso,Individual 60,06.12.19,0.48149,5,4,0.096298,0.126184,0.119543,0.139467,,,,,,,,,,,,,,,,,,,,,,,With,Build-Up,Climax,1,2,Traveling,Resting,Traveling
132,EAC,Budongo,Sonso,Individual 57,06.12.19,1.38706,5,4,0.1551,0.717257,0.142787,0.371911,,,,,,,,,,,,,,,,,,,,,,,With,Unk,Unk,0,0,Resting,Resting,Resting
133,EAC,Budongo,Sonso,Individual 48,16.11.19,0.07638,2,1,0.076375,,,,,,,,,,,,,,,,,,,,,,,,,,With,Build-Up,Build-Up,1,1,Resting,Resting,Resting
135,EAC,Budongo,Sonso,Individual 56,21.11.19,2.38422,8,7,0.245727,0.292216,0.67741,0.172673,0.292216,0.438324,0.265651,,,,,,,,,,,,,,,,,,,,With,Build-Up,Build-Up,1,1,Traveling,Traveling,Traveling
136,EAC,Budongo,Sonso,Individual 47,26.11.19,0.05355,2,1,0.053545,,,,,,,,,,,,,,,,,,,,,,,,,,With,Build-Up,Build-Up,1,1,Traveling,Traveling,Traveling
137,EAC,Budongo,Sonso,Individual 55,27.11.19,0,1,0,,,,,,,,,,,,,,,,,,,,,,,,,,,With,Build-Up,Build-Up,1,1,Resting,Traveling,Traveling
138,EAC,Budongo,Sonso,Individual 48,09.12.19,0.06143,2,1,0.061432,,,,,,,,,,,,,,,,,,,,,,,,,,With,Climax,Climax,2,2,Resting,Resting,Resting
139,EAC,Budongo,Sonso,Individual 57,09.12.19,2.47885,6,5,0.064752,0.737181,0.073054,1.500927,0.10294,,,,,,,,,,,,,,,,,,,,,,With,Build-Up,Build-Up,1,1,Resting,Resting,Resting
140,EAC,Budongo,Sonso,Individual 49,09.12.19,0.38851,3,2,0.219162,0.169352,,,,,,,,,,,,,,,,,,,,,,,,,With,Build-Up,Build-Up,1,1,Traveling,Traveling,Traveling
141,EAC,Budongo,Sonso,Individual 57,09.12.19,0.99685,4,3,0.046489,0.859044,0.0913171,,,,,,,,,,,,,,,,,,,,,,,,With,Build-Up,Roar,1,1,Traveling,Resting,Traveling
142,EAC,Budongo,Sonso,Individual 47,09.12.19,0.08966,2,1,0.089657,,,,,,,,,,,,,,,,,,,,,,,,,,With,Let-Down,Let-Down,3,3,Traveling,Traveling,Traveling
143,EAC,Budongo,Sonso,Individual 48,10.12.19,0.07873,2,1,0.07873,,,,,,,,,,,,,,,,,,,,,,,,,,With,Unk,Unk,0,0,Resting,Resting,Resting
144,EAC,Budongo,Sonso,Individual 48,10.12.19,1.08585,4,3,0.109581,0.88661,0.089657,,,,,,,,,,,,,,,,,,,,,,,,With,Climax,Climax,2,2,Resting,Traveling,Traveling
148,EAC,Budongo,Sonso,Individual 55,13.12.19,0.07638,2,1,0.076375,,,,,,,,,,,,,,,,,,,,,,,,,,With,Build-Up,Build-Up,1,1,Traveling,Resting,Traveling
150,EAC,Budongo,Sonso,Individual 55,14.12.19,0.07139,2,1,0.071394,,,,,,,,,,,,,,,,,,,,,,,,,,With,Climax,Climax,2,2,Traveling,Resting,Traveling
151,EAC,Budongo,Sonso,Individual 55,14.12.19,0.11788,2,1,0.117883,,,,,,,,,,,,,,,,,,,,,,,,,,With,Unk,Unk,0,0,Resting,Resting,Resting
152,EAC,Budongo,Sonso,Individual 48,14.12.19,0.09132,2,1,0.091317,,,,,,,,,,,,,,,,,,,,,,,,,,With,Unk,Unk,0,0,Resting,Resting,Resting
153,EAC,Budongo,Sonso,Individual 55,14.12.19,0.15275,2,1,0.152749,,,,,,,,,,,,,,,,,,,,,,,,,,With,Roar,Roar,1,1,Resting,Resting,Resting
155,EAC,Budongo,Sonso,Individual 48,19.12.19,0.18596,3,2,0.109581,0.076375,,,,,,,,,,,,,,,,,,,,,,,,,With,Build-Up,Build-Up,1,1,Traveling,Traveling,Traveling
156,EAC,Budongo,Sonso,Individual 47,23.12.19,1.21867,5,4,0.069733,0.650845,0.391835,0.10626,,,,,,,,,,,,,,,,,,,,,,,With,Roar,Roar,1,1,Feeding,Resting,Resting
158,EAC,Budongo,Sonso,Individual 47,23.12.19,0,1,0,0,,,,,,,,,,,,,,,,,,,,,,,,,,With,Build-Up,Build-Up,1,1,Traveling,Traveling,Traveling
159,EAC,Budongo,Sonso,Individual 48,27.12.19,0.09298,2,1,0.092978,,,,,,,,,,,,,,,,,,,,,,,,,,With,Build-Up,Build-Up,1,1,Traveling,Resting,Traveling
160,EAC,Budongo,Sonso,Individual 52,27.12.19,0.32542,2,1,0.325422,,,,,,,,,,,,,,,,,,,,,,,,,,With,Unk,Unk,0,0,Traveling,Resting,Traveling
161,EAC,Budongo,Sonso,Individual 48,27.12.19,0.08472,2,1,0.084723,,,,,,,,,,,,,,,,,,,,,,,,,,With,Climax,Climax,2,2,Resting,Resting,Resting
162,EAC,Budongo,Sonso,Individual 48,27.12.19,0.07305,2,1,0.073054,,,,,,,,,,,,,,,,,,,,,,,,,,With,Unk,Unk,0,0,Traveling,Traveling,Traveling
163,EAC,Budongo,Sonso,Individual 52,27.12.19,0.08634,2,1,0.086337,,,,,,,,,,,,,,,,,,,,,,,,,,With,Unk,Unk,0,0,Traveling,Traveling,Traveling
164,EAC,Budongo,Sonso,Individual 49,27.12.19,0.80027,5,4,0.122864,0.488133,0.10294,0.086337,,,,,,,,,,,,,,,,,,,,,,,With,Build-Up,Climax,1,2,Resting,Traveling,Traveling
165,EAC,Budongo,Sonso,Individual 48,27.12.19,0.0797,2,1,0.079695,,,,,,,,,,,,,,,,,,,,,,,,,,With,Build-Up,Build-Up,1,1,Traveling,Traveling,Traveling
166,EAC,Budongo,Sonso,Individual 48,27.12.19,0.08302,2,1,0.083016,,,,,,,,,,,,,,,,,,,,,,,,,,With,Climax,Climax,2,2,Traveling,Resting,Traveling
167,EAC,Budongo,Sonso,Individual 48,27.12.19,0.0797,2,1,0.079695,,,,,,,,,,,,,,,,,,,,,,,,,,With,Build-Up,Build-Up,1,1,Traveling,Resting,Traveling
172,EAC,Budongo,Sonso,Individual 48,30.12.19,0.1129,2,1,0.112902,,,,,,,,,,,,,,,,,,,,,,,,,,With,Unk,Unk,0,0,Traveling,Traveling,Traveling
173,EAC,Budongo,Sonso,Individual 48,04.01.20,1.07589,4,3,0.282254,0.089657,0.703975,,,,,,,,,,,,,,,,,,,,,,,,With,Unk,Unk,0,0,Resting,Resting,Resting
174,EAC,Budongo,Sonso,Individual 47,04.01.20,0.06309,2,1,0.063092,,,,,,,,,,,,,,,,,,,,,,,,,,With,Build-Up,Build-Up,1,1,Traveling,Traveling,Traveling
175,EAC,Budongo,Sonso,Individual 48,06.03.19,2.76277,9,8,0.162711,0.192597,0.10626,0.252368,0.47153,0.710616,0.092978,0.773708,,,,,,,,,,,,,,,,,,,With,Build-Up,Build-Up,1,1,Traveling,Traveling,Traveling
177,EAC,Budongo,Sonso,Individual 55,06.01.20,0.29554,4,3,0.072224,0.114562,0.108751,,,,,,,,,,,,,,,,,,,,,,,,With,Climax,Climax,2,2,Traveling,Traveling,Traveling
178,EAC,Budongo,Sonso,Individual 55,06.01.20,0.06226,2,1,0.062262,,,,,,,,,,,,,,,,,,,,,,,,,,With,Let-Down,Let-Down,3,3,Traveling,Traveling,Traveling
185,EAC,Budongo,Sonso,Individual 48,10.01.20,0.05728,2,1,0.057281,,,,,,,,,,,,,,,,,,,,,,,,,,Unk,Unk,Unk,0,0,Resting,Resting,Resting
186,EAC,Budongo,Sonso,Individual 49,10.01.20,1.55406,4,3,0.073054,1.20207,0.278933,,,,,,,,,,,,,,,,,,,,,,,,With,Climax,Climax,2,2,Resting,Resting,Resting
187,EAC,Budongo,Sonso,Individual 49,10.01.20,0.75711,4,3,0.078035,0.405118,0.273952,,,,,,,,,,,,,,,,,,,,,,,,Unk,Unk,Unk,0,0,Resting,Resting,Resting
188,EAC,Budongo,Sonso,Individual 49,10.01.20,0.1926,2,1,0.192597,,,,,,,,,,,,,,,,,,,,,,,,,,With,Build-Up,Build-Up,1,1,Resting,Resting,Resting
189,EAC,Budongo,Sonso,Individual 49,10.01.20,0.16603,2,1,0.166032,,,,,,,,,,,,,,,,,,,,,,,,,,With,Climax,Climax,2,2,Resting,Resting,Resting
190,EAC,Budongo,Sonso,Individual 49,10.01.20,0.40183,3,2,0.194285,0.20754,,,,,,,,,,,,,,,,,,,,,,,,,With,Build-Up,Build-Up,1,1,Traveling,Traveling,Traveling
212,EAC,Budongo,Sonso,Individual 48,20.01.20,0.10626,2,1,0.10626,,,,,,,,,,,,,,,,,,,,,,,,,,Unk,Unk,Unk,0,0,Feeding,Traveling,Traveling
213,EAC,Budongo,Sonso,Individual 48,20.01.20,0.05977,2,1,0.059771,,,,,,,,,,,,,,,,,,,,,,,,,,With,Build-Up,Build-Up,1,1,Traveling,Traveling,Traveling
214,EAC,Budongo,Sonso,Individual 49,20.01.20,0.09962,2,1,0.099619,,,,,,,,,,,,,,,,,,,,,,,,,,With,Climax,Climax,2,2,Traveling,Traveling,Traveling
215,EAC,Budongo,Sonso,Individual 49,20.01.20,0.1129,2,1,0.112902,,,,,,,,,,,,,,,,,,,,,,,,,,With,Build-Up,Build-Up,1,1,Traveling,Traveling,Traveling
217,EAC,Budongo,Sonso,Individual 56,20.01.20,0.94188,5,4,0.159552,0.22559,0.268403,0.288334,,,,,,,,,,,,,,,,,,,,,,,With,Climax,Climax,2,2,Traveling,Traveling,Traveling
218,EAC,Budongo,Sonso,Individual 57,20.01.20,0.85165,3,2,0.084585,0.767067,,,,,,,,,,,,,,,,,,,,,,,,,With,Build-Up,Unk,1,1,Traveling,Traveling,Traveling
219,EAC,Budongo,Sonso,Individual 48,20.01.20,0.06475,2,1,0.064752,,,,,,,,,,,,,,,,,,,,,,,,,,With,Unk,Unk,0,0,Traveling,Resting,Traveling
220,EAC,Budongo,Sonso,Individual 48,20.01.20,0.71394,3,2,0.089657,0.624279,,,,,,,,,,,,,,,,,,,,,,,,,With,Build-Up,Build-Up,1,1,Resting,Resting,Resting
221,EAC,Budongo,Sonso,Individual 48,20.01.20,0.09962,2,1,0.099619,,,,,,,,,,,,,,,,,,,,,,,,,,With,Build-Up,Build-Up,1,1,Traveling,Traveling,Traveling
225,EAC,Budongo,Sonso,Individual 57,23.01.20,0,1,0,,,,,,,,,,,,,,,,,,,,,,,,,,,With,Unk,Unk,0,0,Resting,Traveling,Traveling
226,EAC,Budongo,Sonso,Individual 57,23.01.20,3.73004,12,11,0.083981,0.252368,0.059771,0.192597,0.066413,0.185956,0.099619,0.36527,1.487645,0.285575,0.650845,,,,,,,,,,,,,,,,With,Build-Up,Climax,1,2,Traveling,Traveling,Traveling
231,EAC,Budongo,Sonso,Individual 48,23.01.20,0,1,0,,,,,,,,,,,,,,,,,,,,,,,,,,,With,Unk,Unk,0,0,Traveling,Traveling,Traveling
232,EAC,Budongo,Sonso,Individual 57,23.01.20,0,1,0,,,,,,,,,,,,,,,,,,,,,,,,,,,With,Unk,Unk,0,0,Traveling,Resting,Traveling
235,EAC,Budongo,Sonso,Individual 55,29.01.20,2.47455,7,6,0.156742,0.637562,0.239086,0.275613,0.355308,0.810235,,,,,,,,,,,,,,,,,,,,,With,Build-Up,Climax,1,2,Resting,Traveling,Traveling
236,EAC,Budongo,Sonso,Individual 55,29.01.20,0.28225,2,1,0.175994,0.10626,,,,,,,,,,,,,,,,,,,,,,,,,With,Climax,Climax,2,2,Resting,Resting,Resting
237,EAC,Budongo,Sonso,Individual 55,29.01.20,3.07491,4,3,0.126184,1.467721,1.481003,,,,,,,,,,,,,,,,,,,,,,,,With,Unk,Unk,0,0,Resting,Resting,Resting
238,EAC,Budongo,Sonso,Individual 55,29.01.20,2.31521,5,4,0.110306,0.777029,1.30833,0.119543,,,,,,,,,,,,,,,,,,,,,,,With,Build-Up,Unk,1,0,Resting,Resting,Resting
239,EAC,Budongo,Sonso,Individual 55,29.01.20,0.13615,2,1,0.136146,,,,,,,,,,,,,,,,,,,,,,,,,,With,Unk,Unk,0,0,Traveling,Traveling,Traveling
240,EAC,Budongo,Sonso,Individual 49,29.01.20,0.09398,2,1,0.093977,,,,,,,,,,,,,,,,,,,,,,,,,,With,Build-Up,Build-Up,1,1,Traveling,Traveling,Traveling
241,EAC,Budongo,Sonso,Individual 47,01.02.20,0.08634,2,1,0.086337,,,,,,,,,,,,,,,,,,,,,,,,,,With,Build-Up,Build-Up,1,1,Traveling,Traveling,Traveling
243,EAC,Budongo,Sonso,Individual 55,02.02.20,0.27893,2,1,0.278933,,,,,,,,,,,,,,,,,,,,,,,,,,With,Climax,Climax,2,2,Traveling,Traveling,Traveling
244,EAC,Budongo,Sonso,Individual 47,27.02.20,0.09298,2,1,0.092978,,,,,,,,,,,,,,,,,,,,,,,,,,With,Unk,Unk,0,0,Traveling,Traveling,Traveling
245,EAC,Budongo,Sonso,Individual 57,27.02.20,0.80359,3,2,0.079695,0.723898,,,,,,,,,,,,,,,,,,,,,,,,,With,Unk,Unk,0,0,Traveling,Traveling,Traveling
246,EAC,Budongo,Sonso,Individual 60,27.02.20,0.25237,3,2,0.166032,0.086337,,,,,,,,,,,,,,,,,,,,,,,,,With,Climax,Climax,2,2,Traveling,Traveling,Traveling
249,EAC,Budongo,Sonso,Individual 56,27.02.20,1.43451,5,4,0.152749,0.066413,1.089168,0.126184,,,,,,,,,,,,,,,,,,,,,,,With,Build-Up,Build-Up,1,1,Traveling,Resting,Traveling
250,EAC,Budongo,Sonso,Individual 56,27.02.20,1.57624,4,3,0.098552,0.212521,1.265162,,,,,,,,,,,,,,,,,,,,,,,,With,Let-Down,Unk,3,0,Resting,Resting,Resting
251,EAC,Budongo,Sonso,Individual 56,27.02.20,1.75994,9,8,0.073054,0.305498,0.139467,0.192597,0.059771,0.438324,0.272771,0.278454,,,,,,,,,,,,,,,,,,,Without,0,0,0,0,Resting,Resting,Resting
252,EAC,Budongo,Sonso,Individual 60,27.02.20,0.11954,2,1,0.119543,,,,,,,,,,,,,,,,,,,,,,,,,,With,Build-Up,Build-Up,1,1,Resting,Resting,Resting
253,EAC,Budongo,Sonso,Individual 48,27.02.20,0.10626,2,1,0.10626,,,,,,,,,,,,,,,,,,,,,,,,,,With,Build-Up,Build-Up,1,1,Traveling,Traveling,Traveling
267,EAC,Budongo,Sonso,Individual 56,13.03.20,2.14513,11,10,0.166032,0.15939,0.425041,0.192597,0.179314,0.197578,0.307159,0.079695,0.185956,0.252368,,,,,,,,,,,,,,,,,With,Let-Down,Let-Down,3,3,Traveling,Traveling,Traveling
271,EAC,Budongo,Sonso,Individual 60,05.07.11,0.57718,7,6,0.099203,0.128062,0.11724,0.028859,0.147903,0.055914,,,,,,,,,,,,,,,,,,,,,With,Build-Up,Build-Up,1,1,Resting,Traveling,Traveling
272,EAC,Budongo,Sonso,Individual 60,05.07.11,0.54699,4,3,0.212311,0.208147,0.126532,,,,,,,,,,,,,,,,,,,,,,,,With,Let-Down,Let-Down,3,3,Traveling,Traveling,Traveling
273,EAC,Budongo,Sonso,Individual 47,02.08.11,1.12917,5,4,0.332563,0.042537,0.688327,0.065739,,,,,,,,,,,,,,,,,,,,,,,With,Build-Up,Build-Up,1,1,Resting,Resting,Resting
274,EAC,Budongo,Sonso,Individual 60,31.08.11,0.52978,5,4,0.166281,0.058005,0.119877,0.185616,,,,,,,,,,,,,,,,,,,,,,,With,Climax,Climax,2,2,Traveling,Traveling,Traveling
276,EAC,Budongo,Sonso,Individual 60,21.06.21,0.86038,5,4,0.366407,0.176418,0.203559,0.113993,,,,,,,,,,,,,,,,,,,,,,,With,Build-Up,Climax,1,2,Traveling,Traveling,Traveling
280,EAC,Budongo,Waibira,Individual 87,09.03.17,0.10487,2,1,0.104873,,,,,,,,,,,,,,,,,,,,,,,,,,With,Climax,Climax,2,2,NV,NV,Traveling
282,EAC,Budongo,Waibira,Individual 92,27.04.17,1.49196,7,6,0.087762,0.109038,0.194141,0.087762,0.242011,0.771243,,,,,,,,,,,,,,,,,,,,,With,Build-Up,Climax,1,2,NV,NV,Traveling
283,EAC,Budongo,Waibira,Individual 92,27.04.17,1.08445,7,6,0.224404,0.132825,0.172673,0.10294,0.079695,0.371911,,,,,,,,,,,,,,,,,,,,,With,Build-Up,Climax,1,2,NV,NV,Traveling
298,EAC,Budongo,Waibira,Individual 83,12.06.19,0.08931,2,1,0.089311,,,,,,,,,,,,,,,,,,,,,,,,,,With,Climax,Climax,2,2,NV,NV,Resting
300,EAC,Budongo,Waibira,Individual 83,15.06.19,0.91296,4,3,0.05313,0.786777,0.073054,,,,,,,,,,,,,,,,,,,,,,,,With,Climax,Climax,2,2,NV,NV,Traveling
301,EAC,Budongo,Waibira,Individual 77,15.06.19,0.07121,2,1,0.071214,,,,,,,,,,,,,,,,,,,,,,,,,,With,Climax,Climax,2,2,NV,NV,Traveling
302,EAC,Budongo,Waibira,Individual 77,15.06.19,0.08247,2,1,0.082468,,,,,,,,,,,,,,,,,,,,,,,,,,With,Climax,Climax,2,2,NV,NV,Traveling
303,EAC,Budongo,Waibira,Individual 77,15.06.19,0.0785,2,1,0.078503,,,,,,,,,,,,,,,,,,,,,,,,,,With,Climax,Climax,2,2,NV,NV,Traveling
309,EAC,Budongo,Waibira,Individual 79,20.06.19,0.7488,4,3,0.097959,0.345687,0.305158,,,,,,,,,,,,,,,,,,,,,,,,With,Climax,Climax,2,2,NV,NV,Traveling
310,EAC,Budongo,Waibira,Individual 79,20.06.19,0.42772,3,2,0.09566,0.332064,,,,,,,,,,,,,,,,,,,,,,,,,With,Climax,Climax,2,2,NV,NV,Traveling
313,EAC,Budongo,Waibira,Individual 87,23.06.19,1.04268,5,4,0.074714,0.295537,0.351987,0.320441,,,,,,,,,,,,,,,,,,,,,,,With,Climax,Let-Down,2,3,NV,NV,Resting
314,EAC,Budongo,Waibira,Individual 80,23.06.19,0.56678,4,3,0.075441,0.419072,0.072269,,,,,,,,,,,,,,,,,,,,,,,,With,Build-Up,Build-Up,1,1,NV,NV,Traveling
318,EAC,Budongo,Waibira,Individual 87,23.06.19,0.1041,2,1,0.104104,,,,,,,,,,,,,,,,,,,,,,,,,,With,Pause,Pause,0,0,NV,NV,Resting
320,EAC,Budongo,Waibira,Individual 77,26.06.19,0.088,2,1,0.087997,,,,,,,,,,,,,,,,,,,,,,,,,,With,Climax,Climax,2,2,NV,NV,Traveling
321,EAC,Budongo,Waibira,Individual 77,26.06.19,0.0797,2,1,0.079695,,,,,,,,,,,,,,,,,,,,,,,,,,With,Climax,Climax,2,2,NV,NV,Traveling
323,EAC,Budongo,Waibira,Individual 80,03.07.19,0.32439,3,2,0.042131,0.282254,,,,,,,,,,,,,,,,,,,,,,,,,With,Build-Up,Unk,1,0,NV,NV,Traveling
324,EAC,Budongo,Waibira,Individual 77,03.07.19,0.07417,2,1,0.07417,,,,,,,,,,,,,,,,,,,,,,,,,,With,Climax,Climax,2,2,NV,NV,Traveling
325,EAC,Budongo,Waibira,Individual 83,08.07.19,0.46087,4,3,0.067715,0.335543,0.057608,,,,,,,,,,,,,,,,,,,,,,,,With,Roar,Roar,1,1,NV,NV,Traveling
326,EAC,Budongo,Waibira,Individual 81,08.07.19,0.20422,2,1,0.204,,,,,,,,,,,,,,,,,,,,,,,,,,With,Let-Down,Let-Down,3,3,NV,NV,Resting
328,EAC,Budongo,Waibira,Individual 80,11.07.19,0.07688,2,1,0.076876,,,,,,,,,,,,,,,,,,,,,,,,,,With,Climax,Climax,2,2,NV,NV,Traveling
329,EAC,Budongo,Waibira,Individual 92,16.07.19,0.84633,6,5,0.140699,0.126184,0.116222,0.251538,0.21169,,,,,,,,,,,,,,,,,,,,,,With,Unk,Unk,0,0,NV,NV,Traveling
330,EAC,Budongo,Waibira,Individual 92,16.07.19,0.37067,4,3,0.078035,0.099204,0.193427,,,,,,,,,,,,,,,,,,,,,,,,With,Build-Up,Build-Up,1,1,NV,NV,Traveling
331,EAC,Budongo,Waibira,Individual 80,16.07.19,0.13283,2,1,0.132825,,,,,,,,,,,,,,,,,,,,,,,,,,With,Build-Up,Build-Up,1,1,NV,NV,Traveling
332,EAC,Budongo,Waibira,Individual 90,16.07.19,0.06528,2,1,0.06528,,,,,,,,,,,,,,,,,,,,,,,,,,With,Climax,Climax,2,2,NV,NV,Traveling
333,EAC,Budongo,Waibira,Individual 79,20.07.19,0.75711,4,3,0.105724,0.324177,0.327204,,,,,,,,,,,,,,,,,,,,,,,,With,Climax,Let-Down,2,3,NV,NV,Traveling
334,EAC,Budongo,Waibira,Individual 79,20.07.19,1.16515,4,3,0.101279,0.324177,0.739694,,,,,,,,,,,,,,,,,,,,,,,,With,Roar,Roar,1,1,NV,NV,Traveling
335,EAC,Budongo,Waibira,Individual 79,20.07.19,0.39652,3,2,0.101587,0.294929,,,,,,,,,,,,,,,,,,,,,,,,,With,Climax,Climax,2,2,NV,NV,Traveling
336,EAC,Budongo,Waibira,Individual 79,20.07.19,0.43617,3,2,0.073698,0.362475,,,,,,,,,,,,,,,,,,,,,,,,,With,Climax,Climax,2,2,NV,NV,Traveling
337,EAC,Budongo,Waibira,Individual 79,20.07.19,0.415,3,2,0.076402,0.338598,,,,,,,,,,,,,,,,,,,,,,,,,With,Build-Up,Let-Down,1,1,NV,NV,Traveling
338,EAC,Budongo,Waibira,Individual 79,20.07.19,0.88823,3,2,0.377914,0.510315,,,,,,,,,,,,,,,,,,,,,,,,,With,Climax,Let-Down,2,3,NV,NV,Traveling
339,EAC,Budongo,Waibira,Individual 79,20.07.19,0.08627,2,1,0.086273,,,,,,,,,,,,,,,,,,,,,,,,,,With,Climax,Climax,2,2,NV,NV,Traveling
340,EAC,Budongo,Waibira,Individual 79,20.07.19,0,1,0,,,,,,,,,,,,,,,,,,,,,,,,,,,With,Climax,Climax,2,2,NV,NV,Resting
341,EAC,Budongo,Waibira,Individual 79,20.07.19,0,1,0,,,,,,,,,,,,,,,,,,,,,,,,,,,With,Climax,Climax,2,2,NV,NV,Traveling
348,EAC,Budongo,Waibira,Individual 79,27.07.19,0.468,2,1,0.467996,,,,,,,,,,,,,,,,,,,,,,,,,,With,Roar,Unk,1,0,NV,NV,Traveling
351,EAC,Budongo,Waibira,Individual 77,23.11.19,0,1,0,,,,,,,,,,,,,,,,,,,,,,,,,,,With,Build-Up,Build-Up,1,1,NV,NV,Traveling
352,EAC,Budongo,Waibira,Individual 87,27.11.19,1.04435,5,4,0.096414,0.345266,0.320511,0.28216,,,,,,,,,,,,,,,,,,,,,,,With,Climax,Climax,2,2,NV,NV,Resting
354,EAC,Budongo,Waibira,Individual 79,06.12.19,0.2973,2,1,0.297296,,,,,,,,,,,,,,,,,,,,,,,,,,With,Unk,Unk,0,0,NV,NV,Resting
355,EAC,Budongo,Waibira,Individual 88,22.12.19,0.74415,3,2,0.426738,0.317408,,,,,,,,,,,,,,,,,,,,,,,,,With,Build-Up,Climax,1,2,NV,NV,Traveling
356,EAC,Budongo,Waibira,Individual 77,23.12.19,0.24931,3,2,0.173589,0.075722,,,,,,,,,,,,,,,,,,,,,,,,,With,Climax,Climax,2,2,NV,NV,Resting
357,EAC,Budongo,Waibira,Individual 79,23.12.19,0.31064,2,1,0.310636,,,,,,,,,,,,,,,,,,,,,,,,,,With,Climax,Climax,2,2,NV,NV,Resting
358,EAC,Budongo,Waibira,Individual 79,23.12.19,0.1443,2,1,0.144304,,,,,,,,,,,,,,,,,,,,,,,,,,With,Build-Up,Climax,1,2,NV,NV,Resting
359,EAC,Budongo,Waibira,Individual 79,23.12.19,0.16972,2,1,0.169716,,,,,,,,,,,,,,,,,,,,,,,,,,With,Let-Down,Let-Down,3,3,NV,NV,Traveling
360,EAC,Budongo,Waibira,Individual 79,23.12.19,0,1,0,,,,,,,,,,,,,,,,,,,,,,,,,,,With,Climax,Climax,2,2,NV,NV,Resting
361,EAC,Budongo,Waibira,Individual 79,28.12.19,0.27742,2,1,0.277423,,,,,,,,,,,,,,,,,,,,,,,,,,With,Let-Down,Let-Down,3,3,NV,NV,Traveling
362,EAC,Budongo,Waibira,Individual 77,31.12.19,1.75302,4,3,0.094987,0.967995,0.690034,,,,,,,,,,,,,,,,,,,,,,,,With,Climax,Climax,2,2,NV,NV,Traveling
363,EAC,Budongo,Waibira,Individual 79,31.12.19,0.28403,2,1,0.284029,,,,,,,,,,,,,,,,,,,,,,,,,,With,Build-Up,Build-Up,1,1,NV,NV,Traveling
364,EAC,Budongo,Waibira,Individual 77,06.01.20,0.11681,2,1,0.116807,,,,,,,,,,,,,,,,,,,,,,,,,,With,Climax,Climax,2,2,NV,NV,Resting
365,EAC,Budongo,Waibira,Individual 83,17.01.20,0.09701,2,1,0.097014,,,,,,,,,,,,,,,,,,,,,,,,,,With,Roar,Roar,1,1,NV,NV,Resting
366,EAC,Budongo,Waibira,Individual 83,17.01.20,0.07516,2,1,0.075157,,,,,,,,,,,,,,,,,,,,,,,,,,With,Build-Up,Build-Up,1,1,NV,NV,Traveling
369,EAC,Budongo,Waibira,Individual 87,18.01.20,0.25626,3,2,0.166722,0.089536,,,,,,,,,,,,,,,,,,,,,,,,,Without,0,0,0,0,NV,NV,Resting
373,EAC,Budongo,Waibira,Individual 80,18.01.20,0.07285,2,1,0.072852,,,,,,,,,,,,,,,,,,,,,,,,,,Without,0,0,0,0,NV,NV,Traveling
374,EAC,Budongo,Waibira,Individual 87,18.01.20,0,1,0,,,,,,,,,,,,,,,,,,,,,,,,,,,With,Climax,Climax,2,2,NV,NV,Traveling
375,EAC,Budongo,Waibira,Individual 87,19.01.20,1.92265,9,8,0.10294,0.249048,0.295537,0.361949,0.04981,0.31546,0.232444,0.31546,,,,,,,,,,,,,,,,,,,With,Build-Up,Build-Up,1,1,NV,NV,Traveling
377,EAC,Budongo,Waibira,Individual 79,19.01.20,0.61764,3,2,0.31546,0.302178,,,,,,,,,,,,,,,,,,,,,,,,,With,Build-Up,Build-Up,1,1,NV,NV,Traveling
381,EAC,Budongo,Waibira,Individual 77,23.01.20,0.4139,3,2,0.075587,0.338316,,,,,,,,,,,,,,,,,,,,,,,,,With,Climax,Climax,2,2,NV,NV,Traveling
383,EAC,Budongo,Waibira,Individual 80,23.01.20,0.12552,2,1,0.125519,,,,,,,,,,,,,,,,,,,,,,,,,,With,Climax,Climax,2,2,NV,NV,Traveling
384,EAC,Budongo,Waibira,Individual 91,23.01.20,0.09132,2,1,0.091317,,,,,,,,,,,,,,,,,,,,,,,,,,Unk,Unk,Unk,0,0,NV,NV,Traveling
385,EAC,Budongo,Waibira,Individual 77,23.01.20,0.07906,2,1,0.079058,,,,,,,,,,,,,,,,,,,,,,,,,,With,Climax,Climax,2,2,NV,NV,Traveling
398,EAC,Budongo,Waibira,Individual 81,25.01.20,0,1,0,,,,,,,,,,,,,,,,,,,,,,,,,,,Without,0,0,0,0,NV,NV,Traveling
404,EAC,Budongo,Waibira,Individual 77,28.01.20,0.07663,2,1,0.07663,,,,,,,,,,,,,,,,,,,,,,,,,,With,Climax,Climax,2,2,NV,NV,Traveling
405,EAC,Budongo,Waibira,Individual 93,28.01.20,0.03072,2,1,0.030716,,,,,,,,,,,,,,,,,,,,,,,,,,With,Build-Up,Build-Up,1,1,NV,NV,Resting
410,EAC,Budongo,Waibira,Individual 87,28.01.20,0,1,0,,,,,,,,,,,,,,,,,,,,,,,,,,,With,Climax,Climax,2,2,NV,NV,Traveling
411,EAC,Budongo,Waibira,Individual 82,28.01.20,0,1,0,,,,,,,,,,,,,,,,,,,,,,,,,,,With,Climax,Climax,2,2,NV,NV,Traveling
413,EAC,Budongo,Waibira,Individual 92,29.01.20,1.38814,10,9,0.193146,0.16017,0.116202,0.16331,0.169591,0.10678,0.169591,0.150748,0.158599,,,,,,,,,,,,,,,,,,With,Unk,Unk,0,0,NV,NV,Traveling
422,EAC,Budongo,Waibira,Individual 93,03.02.20,0.37855,3,2,0.288895,0.089657,,,,,,,,,,,,,,,,,,,,,,,,,With,Build-Up,Build-Up,1,1,NV,NV,Resting
423,EAC,Budongo,Waibira,Individual 93,03.02.20,0.08361,2,1,0.083606,,,,,,,,,,,,,,,,,,,,,,,,,,With,Roar,Roar,1,1,NV,NV,Resting
424,EAC,Budongo,Waibira,Individual 93,03.02.20,0.07595,2,1,0.075947,,,,,,,,,,,,,,,,,,,,,,,,,,With,Climax,Climax,2,2,NV,NV,Resting
425,EAC,Budongo,Waibira,Individual 79,03.02.20,0,1,0,,,,,,,,,,,,,,,,,,,,,,,,,,,With,Build-Up,Build-Up,1,1,NV,NV,Traveling
426,EAC,Budongo,Waibira,Individual 79,04.02.20,1.00159,6,5,0.070651,0.062339,0.203642,0.365724,0.299229,,,,,,,,,,,,,,,,,,,,,,With,Climax,Let-Down,2,3,NV,NV,Traveling
427,EAC,Budongo,Waibira,Individual 89,04.02.20,0.431,3,2,0.363,0.068,,,,,,,,,,,,,,,,,,,,,,,,,With,Build-Up,Build-Up,1,1,NV,NV,Traveling
433,EAC,Budongo,Waibira,Individual 83,04.02.20,0.06475,2,1,0.064752,,,,,,,,,,,,,,,,,,,,,,,,,,With,Build-Up,Build-Up,1,1,NV,NV,Resting
434,EAC,Budongo,Waibira,Individual 83,04.02.20,0.10294,2,1,0.10294,,,,,,,,,,,,,,,,,,,,,,,,,,With,Climax,Climax,2,2,NV,NV,Traveling
435,EAC,Budongo,Waibira,Individual 79,04.02.20,0,1,0,,,,,,,,,,,,,,,,,,,,,,,,,,,With,Let-Down,Let-Down,3,3,NV,NV,Traveling
436,EAC,Budongo,Waibira,Individual 87,04.02.20,0,1,0,,,,,,,,,,,,,,,,,,,,,,,,,,,With,Climax,Climax,2,2,NV,NV,Traveling
441,EAC,Budongo,Waibira,Individual 77,05.02.20,0.71238,3,2,0.582855,0.129523,,,,,,,,,,,,,,,,,,,,,,,,,With,Climax,Climax,2,2,NV,NV,Traveling
442,EAC,Budongo,Waibira,Individual 83,05.02.20,0.69619,3,2,0.051809,0.644379,,,,,,,,,,,,,,,,,,,,,,,,,With,Unk,Unk,0,0,NV,NV,Traveling
443,EAC,Budongo,Waibira,Individual 81,05.02.20,0.07804,2,1,0.078035,,,,,,,,,,,,,,,,,,,,,,,,,,With,Climax,Climax,2,2,NV,NV,Traveling
446,EAC,Budongo,Waibira,Individual 83,05.02.20,0.076,2,1,0.075999,,,,,,,,,,,,,,,,,,,,,,,,,,With,Roar,Roar,1,1,NV,NV,Traveling
447,EAC,Budongo,Waibira,Individual 81,05.02.20,0,1,0,,,,,,,,,,,,,,,,,,,,,,,,,,,With,Climax,Climax,2,2,NV,NV,Traveling
449,EAC,Budongo,Waibira,Individual 92,06.02.20,0.78604,7,6,0.091756,0.088697,0.177394,0.085639,0.143751,0.198804,,,,,,,,,,,,,,,,,,,,,With,Climax,Climax,2,2,NV,NV,Resting
451,EAC,Budongo,Waibira,Individual 92,06.02.20,0.69096,6,5,0.116222,0.056451,0.119543,0.099619,0.299124,,,,,,,,,,,,,,,,,,,,,,With,Climax,Climax,2,2,NV,NV,Resting
454,EAC,Budongo,Waibira,Individual 85,08.02.20,0.868,3,2,0.570199,0.297796,,,,,,,,,,,,,,,,,,,,,,,,,With,Build-Up,Climax,1,2,NV,NV,Traveling
455,EAC,Budongo,Waibira,Individual 85,08.02.20,0.46416,3,2,0.059717,0.404447,,,,,,,,,,,,,,,,,,,,,,,,,With,Climax,Climax,2,2,NV,NV,Traveling
456,EAC,Budongo,Waibira,Individual 88,08.02.20,0.07999,2,1,0.079988,,,,,,,,,,,,,,,,,,,,,,,,,,With,Climax,Climax,2,2,NV,NV,Traveling
457,EAC,Budongo,Waibira,Individual 83,08.02.20,0,1,0,,,,,,,,,,,,,,,,,,,,,,,,,,,With,Unk,Unk,0,0,NV,NV,Traveling
458,EAC,Budongo,Waibira,Individual 80,09.02.20,0.08928,2,1,0.089278,,,,,,,,,,,,,,,,,,,,,,,,,,With,Climax,Climax,2,2,NV,NV,Traveling
459,EAC,Budongo,Waibira,Individual 93,09.02.20,0.63153,2,1,0.631528,,,,,,,,,,,,,,,,,,,,,,,,,,With,Build-Up,Unk,1,0,NV,NV,Traveling
460,EAC,Budongo,Waibira,Individual 93,09.02.20,0,1,0,,,,,,,,,,,,,,,,,,,,,,,,,,,With,Climax,Climax,2,2,NV,NV,Resting
461,EAC,Budongo,Waibira,Individual 83,10.02.20,0.49149,3,2,0.053058,0.438428,,,,,,,,,,,,,,,,,,,,,,,,,With,Build-Up,Build-Up,1,1,NV,NV,Traveling
464,EAC,Budongo,Waibira,Individual 83,10.02.20,0.10027,2,1,0.100274,,,,,,,,,,,,,,,,,,,,,,,,,,With,Build-Up,Build-Up,1,1,NV,NV,Traveling
466,EAC,Budongo,Waibira,Individual 92,11.02.20,1.04517,7,6,0.178484,0.144448,0.141127,0.174333,0.195917,0.21086,,,,,,,,,,,,,,,,,,,,,With,Build-Up,Build-Up,1,1,NV,NV,Traveling
469,EAC,Budongo,Waibira,Individual 89,11.02.20,0.22912,3,2,0.139467,0.089657,,,,,,,,,,,,,,,,,,,,,,,,,With,Climax,Climax,2,2,NV,NV,Traveling
473,EAC,Budongo,Waibira,Individual 77,11.02.20,0.06645,2,1,0.066448,,,,,,,,,,,,,,,,,,,,,,,,,,With,Climax,Climax,2,2,NV,NV,Resting
475,EAC,Budongo,Waibira,Individual 83,17.02.20,0.37191,3,2,0.089657,0.282254,,,,,,,,,,,,,,,,,,,,,,,,,With,Roar,Roar,1,1,NV,NV,Resting
476,EAC,Budongo,Waibira,Individual 83,17.02.20,0.35623,3,2,0.099604,0.256628,,,,,,,,,,,,,,,,,,,,,,,,,With,Roar,Roar,1,1,NV,NV,Resting
477,EAC,Budongo,Waibira,Individual 91,17.02.20,0.096,2,1,0.095899,,,,,,,,,,,,,,,,,,,,,,,,,,Unk,Unk,Unk,0,0,NV,NV,Traveling
478,EAC,Budongo,Waibira,Individual 81,18.02.20,0.98631,3,2,0.484775,0.501533,,,,,,,,,,,,,,,,,,,,,,,,,Without,0,0,0,0,NV,NV,Resting
481,EAC,Budongo,Waibira,Individual 84,18.02.20,0.60073,3,2,0.101372,0.499353,,,,,,,,,,,,,,,,,,,,,,,,,With,Climax,Climax,2,2,NV,NV,Traveling
482,EAC,Budongo,Waibira,Individual 85,18.02.20,0.78815,3,2,0.106066,0.682084,,,,,,,,,,,,,,,,,,,,,,,,,With,Climax,Climax,2,2,NV,NV,Traveling
484,EAC,Budongo,Waibira,Individual 83,18.02.20,0.07831,2,1,0.078314,,,,,,,,,,,,,,,,,,,,,,,,,,With,Build-Up,Build-Up,1,1,NV,NV,Resting
485,EAC,Budongo,Waibira,Individual 77,18.02.20,0.08282,2,1,0.082824,,,,,,,,,,,,,,,,,,,,,,,,,,With,Climax,Climax,2,2,NV,NV,Resting
487,EAC,Budongo,Waibira,Individual 83,18.02.20,0.09096,2,1,0.090955,,,,,,,,,,,,,,,,,,,,,,,,,,With,Build-Up,Build-Up,1,1,NV,NV,Resting
488,EAC,Budongo,Waibira,Individual 83,18.02.20,0.10159,2,1,0.101585,,,,,,,,,,,,,,,,,,,,,,,,,,With,Roar,Roar,1,1,NV,NV,Resting
489,EAC,Budongo,Waibira,Individual 83,18.02.20,0.08966,2,1,0.089657,,,,,,,,,,,,,,,,,,,,,,,,,,With,Unk,Unk,0,0,NV,NV,Traveling
494,EAC,Budongo,Waibira,Individual 85,18.02.20,0,1,0,,,,,,,,,,,,,,,,,,,,,,,,,,,With,Build-Up,Build-Up,1,1,NV,NV,Traveling
495,EAC,Budongo,Waibira,Individual 92,21.02.20,1.00626,8,7,0.10295,0.149444,0.073061,0.215863,0.122876,0.212543,0.129518,,,,,,,,,,,,,,,,,,,,With,Pause,Climax,1,2,NV,NV,Traveling
497,EAC,Budongo,Waibira,Individual 93,21.02.20,0,1,0,,,,,,,,,,,,,,,,,,,,,,,,,,,With,Build-Up,Build-Up,1,1,NV,NV,Traveling
500,EAC,Budongo,Waibira,Individual 86,22.02.20,0.48837,3,2,0.427324,0.061046,,,,,,,,,,,,,,,,,,,,,,,,,With,Climax,Climax,2,2,NV,NV,Traveling
501,EAC,Budongo,Waibira,Individual 88,22.02.20,0.05738,2,1,0.057377,,,,,,,,,,,,,,,,,,,,,,,,,,With,Let-Down,Let-Down,3,3,NV,NV,Traveling
502,EAC,Budongo,Waibira,Individual 77,22.02.20,0.06509,2,1,0.06509,,,,,,,,,,,,,,,,,,,,,,,,,,With,Climax,Climax,2,2,NV,NV,Traveling
504,EAC,Budongo,Waibira,Individual 77,22.02.20,0.07631,2,1,0.076309,,,,,,,,,,,,,,,,,,,,,,,,,,With,Climax,Climax,2,2,NV,NV,Traveling
506,EAC,Budongo,Waibira,Individual 86,22.02.20,0.12447,2,1,0.124472,,,,,,,,,,,,,,,,,,,,,,,,,,With,Roar,Roar,1,1,NV,NV,Traveling
509,EAC,Budongo,Waibira,Individual 79,27.02.20,0.38485,2,1,0.384845,,,,,,,,,,,,,,,,,,,,,,,,,,With,Roar,Roar,1,1,NV,NV,Traveling
510,EAC,Budongo,Waibira,Individual 79,27.02.20,0.55917,2,1,0.559174,,,,,,,,,,,,,,,,,,,,,,,,,,With,Build-Up,Build-Up,1,1,NV,NV,Traveling
511,EAC,Budongo,Waibira,Individual 79,27.02.20,0.31153,2,1,0.311531,,,,,,,,,,,,,,,,,,,,,,,,,,With,Build-Up,Build-Up,1,1,NV,NV,Traveling
512,EAC,Budongo,Waibira,Individual 79,27.02.20,0,1,0,,,,,,,,,,,,,,,,,,,,,,,,,,,With,Climax,Climax,2,2,NV,NV,Traveling
513,EAC,Budongo,Waibira,Individual 83,28.02.20,1.47104,6,5,0.056451,0.635902,0.060602,0.664957,0.05313,,,,,,,,,,,,,,,,,,,,,,With,Roar,Climax,1,2,NV,NV,Traveling
514,EAC,Budongo,Waibira,Individual 83,28.02.20,1.30833,5,4,0.086337,0.936419,0.119543,0.166032,,,,,,,,,,,,,,,,,,,,,,,With,Build-Up,Unk,1,0,NV,NV,Resting
515,EAC,Budongo,Waibira,Individual 83,28.02.20,0.74716,4,3,0.086449,0.583529,0.077186,,,,,,,,,,,,,,,,,,,,,,,,With,Roar,Roar,1,1,NV,NV,Traveling
517,EAC,Budongo,Waibira,Individual 83,28.02.20,0.09764,2,1,0.097636,,,,,,,,,,,,,,,,,,,,,,,,,,With,Unk,Unk,0,0,NV,NV,Resting
518,EAC,Budongo,Waibira,Individual 83,28.02.20,0.0575,2,1,0.057499,,,,,,,,,,,,,,,,,,,,,,,,,,With,Unk,Unk,0,0,NV,NV,Resting
519,EAC,Budongo,Waibira,Individual 77,29.02.20,2.09743,9,8,0.18474,0.10294,0.308819,0.05313,0.239086,0.78367,0.242406,0.182635,,,,,,,,,,,,,,,,,,,With,Climax,Let-Down,2,3,NV,NV,Traveling
521,EAC,Budongo,Waibira,Individual 82,03.03.20,0.99835,5,4,0.16336,0.054518,0.679872,0.100602,,,,,,,,,,,,,,,,,,,,,,,With,Climax,Climax,2,2,NV,NV,Traveling
523,EAC,Budongo,Waibira,Individual 92,04.03.20,1.99238,12,11,0.132825,0.174333,0.112902,0.15939,0.185956,0.15607,0.169352,0.182635,0.166032,0.25901,0.293876,,,,,,,,,,,,,,,,With,Climax,Climax,2,2,NV,NV,Traveling
524,EAC,Budongo,Waibira,Individual 83,04.03.20,2.03812,5,4,0.174105,0.051868,1.760469,0.051675,,,,,,,,,,,,,,,,,,,,,,,With,Roar,Climax,1,2,NV,NV,Traveling
526,EAC,Budongo,Waibira,Individual 92,04.03.20,0.21916,3,2,0.15441,0.064752,,,,,,,,,,,,,,,,,,,,,,,,,With,Unk,Unk,0,0,NV,NV,Traveling
528,EAC,Budongo,Waibira,Individual 83,04.03.20,0.05313,2,1,0.05313,,,,,,,,,,,,,,,,,,,,,,,,,,With,Unk,Unk,0,0,NV,NV,Traveling
529,EAC,Budongo,Waibira,Individual 87,04.03.20,0.08359,2,1,0.083585,,,,,,,,,,,,,,,,,,,,,,,,,,With,Let-Down,Let-Down,3,3,NV,NV,Traveling
532,EAC,Budongo,Waibira,Individual 85,05.03.20,0.81088,4,3,0.258331,0.47401,0.078544,,,,,,,,,,,,,,,,,,,,,,,,With,Build-Up,Build-Up,1,1,NV,NV,Traveling
533,EAC,Budongo,Waibira,Individual 87,05.03.20,0,1,0,,,,,,,,,,,,,,,,,,,,,,,,,,,With,Climax,Climax,2,2,NV,NV,Traveling
534,EAC,Budongo,Waibira,Individual 92,06.03.20,3.60074,14,13,0.120782,0.175994,0.043168,0.205879,0.139393,1.269976,0.063092,0.245727,0.249048,0.395156,0.202559,0.116222,0.373738,,,,,,,,,,,,,,With,Build-Up,Let-Down,1,3,NV,NV,Resting
535,EAC,Budongo,Waibira,Individual 92,06.03.20,1.58062,9,8,0.10294,0.073054,0.119543,0.063092,0.099619,0.05313,0.378552,0.690692,,,,,,,,,,,,,,,,,,,With,Build-Up,Climax,1,2,NV,NV,Traveling
536,EAC,Budongo,Waibira,Individual 92,06.03.20,3.1268,5,4,0.264416,2.151772,0.351987,0.358629,,,,,,,,,,,,,,,,,,,,,,,With,Build-Up,Climax,1,2,NV,NV,Traveling
537,EAC,Budongo,Waibira,Individual 79,06.03.20,0.82553,4,3,0.157501,0.336727,0.331296,,,,,,,,,,,,,,,,,,,,,,,,With,Build-Up,Climax,1,2,NV,NV,Resting
538,EAC,Budongo,Waibira,Individual 83,06.03.20,0.87665,4,3,0.073054,0.706258,0.097336,,,,,,,,,,,,,,,,,,,,,,,,With,Unk,Unk,0,0,NV,NV,Traveling
539,EAC,Budongo,Waibira,Individual 83,06.03.20,0.78985,4,3,0.051529,0.691439,0.046883,,,,,,,,,,,,,,,,,,,,,,,,With,Climax,Climax,2,2,NV,NV,Traveling
540,EAC,Budongo,Waibira,Individual 92,06.03.20,0.69069,3,2,0.31297,0.04981,0.327913,,,,,,,,,,,,,,,,,,,,,,,,With,Build-Up,Unk,1,0,NV,NV,Traveling
541,EAC,Budongo,Waibira,Individual 93,06.03.20,0.44829,3,2,0.069733,0.378552,,,,,,,,,,,,,,,,,,,,,,,,,With,Climax,Climax,2,2,NV,NV,Resting
542,EAC,Budongo,Waibira,Individual 79,06.03.20,0.43654,3,2,0.081655,0.354886,,,,,,,,,,,,,,,,,,,,,,,,,With,Climax,Climax,2,2,NV,NV,Traveling
543,EAC,Budongo,Waibira,Individual 79,06.03.20,0.61764,3,2,0.375232,0.242406,,,,,,,,,,,,,,,,,,,,,,,,,With,Build-Up,Build-Up,1,1,NV,NV,Resting
546,EAC,Budongo,Waibira,Individual 88,07.03.20,0.12618,2,1,0.126184,,,,,,,,,,,,,,,,,,,,,,,,,,With,Unk,Unk,0,0,NV,NV,Traveling
547,EAC,Budongo,Waibira,Individual 87,07.03.20,0,1,0,,,,,,,,,,,,,,,,,,,,,,,,,,,With,Climax,Climax,2,2,NV,NV,Traveling
548,EAC,Budongo,Waibira,Individual 83,16.03.20,2.24143,4,3,0.215841,1.899403,0.126184,,,,,,,,,,,,,,,,,,,,,,,,With,Climax,Unk,2,0,NV,NV,Resting
549,EAC,Budongo,Waibira,Individual 90,16.03.20,1.13566,3,2,0.129505,1.006152,,,,,,,,,,,,,,,,,,,,,,,,,With,Climax,Let-Down,2,3,NV,NV,Resting
550,EAC,Budongo,Waibira,Individual 77,16.03.20,0.09899,2,1,0.098987,,,,,,,,,,,,,,,,,,,,,,,,,,With,Climax,Climax,2,2,NV,NV,Traveling
551,EAC,Budongo,Waibira,Individual 83,06.06.23,0.0579,2,1,0.057896,,,,,,,,,,,,,,,,,,,,,,,,,,With,Climax,Climax,2,2,NV,NV,Traveling
552,EAC,Budongo,Waibira,Individual 85,07.06.23,0.45634,3,2,0.080187,0.376151,,,,,,,,,,,,,,,,,,,,,,,,,With,Climax,Climax,2,2,NV,NV,Traveling
555,EAC,Budongo,Waibira,Individual 87,12.06.23,0.65509,5,4,0.244758,0.17517,0.105582,0.129578,,,,,,,,,,,,,,,,,,,,,,,With,Climax,Climax,2,2,NV,NV,Traveling
556,EAC,Budongo,Waibira,Individual 87,12.06.23,0.57419,3,2,0.11448,0.459707,,,,,,,,,,,,,,,,,,,,,,,,,With,Climax,Climax,2,2,NV,NV,Traveling
557,EAC,Budongo,Waibira,Individual 79,12.06.23,0.41541,3,2,0.099337,0.316072,,,,,,,,,,,,,,,,,,,,,,,,,With,Let-Down,Let-Down,3,3,NV,NV,Traveling
561,EAC,Budongo,Waibira,Individual 77,14.06.23,0.08558,2,1,0.08558,,,,,,,,,,,,,,,,,,,,,,,,,,With,Climax,Climax,2,2,NV,NV,resting
562,EAC,Budongo,Waibira,Individual 89,14.06.23,0.32147,3,2,0.072937,0.248528,,,,,,,,,,,,,,,,,,,,,,,,,With,Climax,Climax,2,2,NV,NV,Traveling
563,EAC,Budongo,Waibira,Individual 83,17.06.23,0.15706,2,1,0.157056,,,,,,,,,,,,,,,,,,,,,,,,,,With,Climax,Climax,2,2,NV,NV,Traveling
567,EAC,Budongo,Waibira,Individual 83,06.07.23,0.19028,3,2,0.116283,0.073998,,,,,,,,,,,,,,,,,,,,,,,,,With,Climax,Climax,2,2,NV,NV,Traveling
568,EAC,Budongo,Waibira,Individual 81,06.07.23,0.148,2,1,0.147996,,,,,,,,,,,,,,,,,,,,,,,,,,With,Climax,Climax,2,2,NV,NV,Traveling
569,EAC,Budongo,Waibira,Individual 77,06.07.23,0.09473,2,1,0.094725,,,,,,,,,,,,,,,,,,,,,,,,,,With,Climax,Climax,2,2,NV,NV,resting
571,EAC,Budongo,Waibira,Individual 85,11.07.23,1.57665,7,6,0.189649,0.081278,0.095867,0.831065,0.278733,0.100058,,,,,,,,,,,,,,,,,,,,,With,Build-Up,Build-Up,1,1,NV,NV,resting
573,EAC,Budongo,Waibira,Individual 86,14.07.23,0.38498,3,2,0.309134,0.075846,,,,,,,,,,,,,,,,,,,,,,,,,With,Build-Up,Climax,1,2,NV,NV,resting
575,EAC,Budongo,Waibira,Individual 86,19.07.23,0.87069,3,2,0.613486,0.2572,,,,,,,,,,,,,,,,,,,,,,,,,With,Build-Up,Climax,1,2,NV,NV,Traveling
576,EAC,Budongo,Waibira,Individual 80,19.07.23,0.08854,3,2,0.044272,0.044272,,,,,,,,,,,,,,,,,,,,,,,,,With,Climax,Climax,2,2,NV,NV,Traveling
577,EAC,Budongo,Waibira,Individual 77,19.07.23,0.28576,3,2,0.161101,0.124661,,,,,,,,,,,,,,,,,,,,,,,,,With,Climax,Climax,2,2,NV,NV,Traveling
579,EAC,Budongo,Waibira,Individual 80,24.07.23,0.34556,2,1,0.345561,,,,,,,,,,,,,,,,,,,,,,,,,,With,Climax,Climax,2,2,NV,NV,Traveling
580,EAC,Budongo,Waibira,Individual 80,24.07.23,0.05927,2,1,0.059272,,,,,,,,,,,,,,,,,,,,,,,,,,With,Climax,Climax,2,2,NV,NV,Traveling
581,EAC,Budongo,Waibira,Individual 81,24.07.23,0.09246,2,1,0.092464,,,,,,,,,,,,,,,,,,,,,,,,,,With,Climax,Climax,2,2,NV,NV,Traveling
582,EAC,Budongo,Waibira,Individual 80,24.07.23,0.11368,2,1,0.113682,,,,,,,,,,,,,,,,,,,,,,,,,,With,Climax,Climax,2,2,NV,NV,Traveling
585,EAC,Budongo,Waibira,Individual 80,26.07.23,1.0886,7,6,0.073682,0.240061,0.172917,0.040999,0.166379,0.394556,,,,,,,,,,,,,,,,,,,,,With,Build-Up,Climax,1,2,NV,NV,Traveling
588,WAC,Fongoli,Fongoli,Individual 13,25.06.23,0.92585,5,4,0.135088,0.28006,0.283355,0.227343,,,,,,,,,,,,,,,,,,,,,,,With,Build-Up,Build-Up,1,1,NV,NV,Traveling
589,WAC,Fongoli,Fongoli,Individual 13,23.06.23,0.49757,4,3,0.172885,0.177102,0.147585,,,,,,,,,,,,,,,,,,,,,,,,With,Build-Up,Build-Up,1,1,NV,NV,Traveling
591,WAC,Fongoli,Fongoli,Individual 11,23.06.23,0.97059,6,5,0.126255,0.192013,0.120994,0.344571,0.186752,,,,,,,,,,,,,,,,,,,,,,With,Build-Up,Build-Up,1,1,NV,NV,Traveling
592,WAC,Fongoli,Fongoli,Individual 15,21.06.23,4.74128,17,16,0.231947,0.218303,0.231947,0.218303,0.259235,0.286523,0.443429,0.238769,0.313811,0.272879,0.293345,0.259235,0.238769,0.259235,0.695842,0.279701,,,,,,,,,,,With,Climax,Climax,2,2,NV,NV,Resting
593,WAC,Fongoli,Fongoli,Individual 15,21.06.23,5.46734,14,13,0.176129,0.403629,0.198145,0.242177,0.249516,0.6825,0.469677,0.205484,0.579758,1.467742,0.2275,0.278871,0.28621,,,,,,,,,,,,,,With,Build-Up,after,1,0,NV,NV,Resting
594,WAC,Fongoli,Fongoli,Individual 15,21.06.23,0.35711,3,2,0.197943,0.159171,,,,,,,,,,,,,,,,,,,,,,,,,With,Build-Up,Climax,1,2,NV,NV,Traveling
596,WAC,Fongoli,Fongoli,Individual 16,17.06.23,1.61873,7,6,0.210592,0.204306,0.861229,0.132013,0.081722,0.12887,,,,,,,,,,,,,,,,,,,,,With,Build-Up,Build-Up,1,1,NV,NV,Traveling
599,WAC,Fongoli,Fongoli,Individual 18,16.06.23,0.93769,10,9,0.121803,0.12567,0.085069,0.110203,0.069602,0.141137,0.052201,0.166271,0.065735,,,,,,,,,,,,,,,,,,With,Build-Up,Build-Up,1,1,NV,NV,Traveling
600,WAC,Fongoli,Fongoli,Individual 18,11.06.23,3.11012,13,12,0.325643,0.221815,0.08967,0.155742,0.26429,0.556896,0.235973,0.235973,0.231254,0.226534,0.273729,0.292607,,,,,,,,,,,,,,,With,Build-Up,after,1,0,NV,NV,Resting
603,WAC,Fongoli,Fongoli,Individual 11,10.06.23,0.69793,4,3,0.259366,0.240503,0.198061,,,,,,,,,,,,,,,,,,,,,,,,With,Build-Up,Build-Up,1,1,NV,NV,Resting
604,WAC,Fongoli,Fongoli,Individual 13,10.06.23,1.32051,6,5,0.42427,0.205859,0.145608,0.233474,0.311299,,,,,,,,,,,,,,,,,,,,,,With,Build-Up,Build-Up,1,1,NV,NV,Traveling
605,WAC,Fongoli,Fongoli,Individual 16,10.06.23,1.62981,12,11,0.28704,0.107032,0.136222,0.121627,0.12406,0.201901,0.097302,0.109465,0.080274,0.121627,0.243254,,,,,,,,,,,,,,,,With,Build-Up,Build-Up,1,1,NV,NV,Traveling
606,WAC,Fongoli,Fongoli,Individual 17,09.06.23,1.3874,6,5,0.0991,0.128084,0.056778,0.501213,0.602221,,,,,,,,,,,,,,,,,,,,,,With,Build-Up,Climax,1,2,NV,NV,Traveling
608,WAC,Fongoli,Fongoli,Individual 17,09.06.23,0.86719,6,5,0.105179,0.096593,0.154549,0.287632,0.223237,,,,,,,,,,,,,,,,,,,,,,With,Build-Up,Build-Up,1,1,NV,NV,Traveling
610,WAC,Fongoli,Fongoli,Individual 17,09.06.23,1.98428,9,8,0.091739,0.186875,0.22425,0.693138,0.397535,0.139307,0.132512,0.118921,,,,,,,,,,,,,,,,,,,With,Build-Up,Climax,1,2,NV,NV,Traveling
616,WAC,Fongoli,Fongoli,Individual 16,27.05.23,1.7357,8,7,0.109062,0.118343,0.074255,0.109062,0.092818,0.139228,1.092936,,,,,,,,,,,,,,,,,,,,With,after,after,0,0,NV,NV,Traveling
617,WAC,Fongoli,Fongoli,Individual 10,05.06.18,3.53747,24,23,0.172901,0.158882,0.135517,0.149536,0.191594,0.20094,0.24767,0.20094,0.14019,0.186921,0.056076,0.186921,0.084114,0.172901,0.070095,0.163555,0.09346,0.135517,0.088787,0.126171,0.135517,0.163555,0.275708,,,,With,Build-Up,Climax,1,2,NV,NV,Traveling
618,WAC,Fongoli,Fongoli,Individual 10,05.06.18,3.77852,9,8,0.259268,0.233766,2.545928,0.063754,0.153011,0.127509,0.195514,0.199764,,,,,,,,,,,,,,,,,,,With,before,after,0,0,NV,NV,Traveling
620,EAC,Gombe,Kasekela,Individual 34,17.08.17,1.2044,6,5,0.380688,0.316127,0.104634,0.262697,0.140254,,,,,,,,,,,,,,,,,,,,,,With,after,after,0,0,NV,NV,Resting
621,EAC,Gombe,Kasekela,Individual 36,31.08.17,0.29828,3,2,0.168839,0.129443,,,,,,,,,,,,,,,,,,,,,,,,,With,Build-Up,Build-Up,1,1,NV,NV,Traveling
622,EAC,Gombe,Kasekela,Individual 34,27.05.17,2.38923,13,12,0.053094,0.127426,0.323572,0.07292,0.048255,0.231628,0.178438,0.345111,0.249542,0.254851,0.222995,0.281397,,,,,,,,,,,,,,,With,Build-Up,Build-Up,1,1,NV,NV,Traveling
624,EAC,Gombe,Kasekela,Individual 36,09.06.17,0.27015,3,2,0.177823,0.092331,,,,,,,,,,,,,,,,,,,,,,,,,With,Climax,Climax,2,2,NV,NV,Traveling
625,EAC,Gombe,Kasekela,Individual 31,11.09.16,0.70653,6,5,0.116091,0.171016,0.144802,0.092373,0.18225,,,,,,,,,,,,,,,,,,,,,,With,Climax,Let-Down,2,3,NV,NV,Traveling
626,EAC,Gombe,Kasekela,Individual 32,27.09.16,0.07471,2,1,0.074705,,,,,,,,,,,,,,,,,,,,,,,,,,With,Climax,Climax,2,2,NV,NV,Resting
627,EAC,Gombe,Kasekela,Individual 34,20.08.17,2.15501,7,6,0.148622,0.14119,0.988333,0.30839,0.300959,0.267519,,,,,,,,,,,,,,,,,,,,,With,Build-Up,Build-Up,1,1,NV,NV,Traveling
630,EAC,Gombe,Kasekela,Individual 30,27.05.17,0.12758,2,1,0.127581,,,,,,,,,,,,,,,,,,,,,,,,,,With,Let-Down,Let-Down,3,3,NV,NV,Traveling
632,EAC,Gombe,Kasekela,Individual 35,05.06.17,1.30025,6,5,0.141662,0.609651,0.199844,0.149251,0.199844,,,,,,,,,,,,,,,,,,,,,,With,Climax,Let-Down,2,3,NV,NV,Resting
633,EAC,Gombe,Kasekela,Individual 36,09.06.17,0.33591,4,3,0.063162,0.195229,0.077517,,,,,,,,,,,,,,,,,,,,,,,,With,Build-Up,Build-Up,1,1,NV,NV,Traveling
634,EAC,Gombe,Kasekela,Individual 33,12.06.17,0.91135,6,5,0.106421,0.270891,0.102551,0.270891,0.160599,,,,,,,,,,,,,,,,,,,,,,With,Build-Up,Climax,1,2,NV,NV,Resting
640,EAC,Gombe,Kasekela,Individual 32,01.10.17,2.31243,6,5,0.145118,0.094642,0.214523,0.80446,1.053686,,,,,,,,,,,,,,,,,,,,,,With,Build-Up,Climax,1,2,NV,NV,Resting
641,EAC,Gombe,Kasekela,Individual 32,01.10.17,1.04294,6,5,0.116105,0.080072,0.136123,0.598541,0.112101,,,,,,,,,,,,,,,,,,,,,,With,Let-Down,Let-Down,3,3,NV,NV,Resting
642,EAC,Gombe,Kasekela,Individual 32,01.10.17,1.58881,8,7,0.109738,0.104967,0.932771,0.169378,0.062026,0.155064,0.054869,,,,,,,,,,,,,,,,,,,,With,Let-Down,Let-Down,3,3,NV,NV,Resting
643,EAC,Gombe,Kasekela,Individual 32,01.10.17,1.98645,8,7,0.164149,0.085643,0.766031,0.099917,0.168907,0.60426,0.097539,,,,,,,,,,,,,,,,,,,,With,Build-Up,Climax,1,2,NV,NV,Resting
644,EAC,Gombe,Kasekela,Individual 32,01.10.17,0.36601,3,2,0.324686,0.041324,,,,,,,,,,,,,,,,,,,,,,,,,With,Climax,Climax,2,2,NV,NV,Resting
645,EAC,Gombe,Kasekela,Individual 34,29.11.17,0.09207,2,1,0.092068,,,,,,,,,,,,,,,,,,,,,,,,,,With,Let-Down,Let-Down,3,3,NV,NV,Resting
646,EAC,Gombe,Kasekela,Individual 32,01.12.17,0.10005,2,1,0.10005,,,,,,,,,,,,,,,,,,,,,,,,,,With,Build-Up,Climax,1,2,NV,NV,Traveling
647,EAC,Gombe,Mitumba,Individual 42,26.11.16,1.12537,3,2,0.38962,0.73575,,,,,,,,,,,,,,,,,,,,,,,,,With,Build-Up,Build-Up,1,1,NV,NV,Resting
648,EAC,Gombe,Mitumba,Individual 42,12.01.17,0.93358,2,1,0.93358,,,,,,,,,,,,,,,,,,,,,,,,,,With,Build-Up,Build-Up,1,1,NV,NV,Traveling
649,EAC,Gombe,Mitumba,Individual 42,14.07.17,0.43065,4,3,0.16223,0.14453,0.12389,,,,,,,,,,,,,,,,,,,,,,,,With,Climax,Climax,2,2,NV,NV,Resting
650,EAC,Gombe,Mitumba,Individual 42,14.07.17,0.20753,2,1,0.20753,,,,,,,,,,,,,,,,,,,,,,,,,,With,Climax,Climax,2,2,NV,NV,Resting
654,EAC,Gombe,Mitumba,Individual 43,16.09.16,0.17999,3,2,0.09078,0.08921,,,,,,,,,,,,,,,,,,,,,,,,,With,Climax,Climax,2,2,NV,NV,Resting
655,EAC,Gombe,Mitumba,Individual 42,15.02.17,0.10999,2,1,0.10999,,,,,,,,,,,,,,,,,,,,,,,,,,With,Climax,Climax,2,2,NV,NV,Traveling
656,EAC,Gombe,Mitumba,Individual 42,02.10.16,0.08905,2,1,0.08905,,,,,,,,,,,,,,,,,,,,,,,,,,With,Let-Down,Let-Down,3,3,NV,NV,Resting
657,EAC,Gombe,Mitumba,Individual 42,02.10.16,0.0744,2,1,0.0744,,,,,,,,,,,,,,,,,,,,,,,,,,With,Let-Down,Let-Down,3,3,NV,NV,Traveling
658,EAC,Gombe,Mitumba,Individual 42,02.10.16,0.06617,2,1,0.06617,,,,,,,,,,,,,,,,,,,,,,,,,,With,Climax,Climax,2,2,NV,NV,Traveling
660,EAC,Kibale,Kanyawara,Individual 25,27.07.11,0.95637,5,4,0.163859,0.072483,0.656372,0.063657,,,,,,,,,,,,,,,,,,,,,,,With,Climax,Let-Down,2,3,NV,NV,Traveling
661,EAC,Kibale,Kanyawara,Individual 28,19.10.10,0.54716,4,3,0.148153,0.202448,0.196556,,,,,,,,,,,,,,,,,,,,,,,,With,Roar,Roar,1,1,NV,NV,Traveling
662,EAC,Kibale,Kanyawara,Individual 28,19.12.10,0.10377,2,1,0.10377,,,,,,,,,,,,,,,,,,,,,,,,,,With,Roar,Roar,1,1,NV,NV,Resting
663,EAC,Kibale,Kanyawara,Individual 28,19.12.10,0.91564,7,6,0.094396,0.136285,0.160474,0.061358,0.25723,0.205902,,,,,,,,,,,,,,,,,,,,,With,Roar,Let-Down,1,3,NV,NV,Traveling
664,EAC,Kibale,Kanyawara,Individual 25,21.12.10,0.66343,5,4,0.196638,0.074532,0.315573,0.076686,,,,,,,,,,,,,,,,,,,,,,,With,Build-Up,Build-Up,1,1,NV,NV,Traveling
665,EAC,Kibale,Kanyawara,Individual 25,21.12.10,0.43103,4,3,0.066729,0.304787,0.059515,,,,,,,,,,,,,,,,,,,,,,,,With,Climax,Climax,2,2,NV,NV,Traveling
666,EAC,Kibale,Kanyawara,Individual 25,21.12.10,0.50914,4,3,0.136866,0.125048,0.247226,,,,,,,,,,,,,,,,,,,,,,,,With,Climax,Climax,2,2,NV,NV,Resting
667,EAC,Kibale,Kanyawara,Individual 25,23.12.10,0.51374,4,3,0.096489,0.318152,0.099097,,,,,,,,,,,,,,,,,,,,,,,,With,Build-Up,Build-Up,1,1,NV,NV,Traveling
669,EAC,Kibale,Kanyawara,Individual 29,26.07.11,1.66332,5,4,0.176341,0.284215,1.122445,0.080322,,,,,,,,,,,,,,,,,,,,,,,With,Build-Up,Build-Up,1,1,NV,NV,Resting
670,EAC,Kibale,Kanyawara,Individual 25,23.12.10,0.09262,2,1,0.092624,,,,,,,,,,,,,,,,,,,,,,,,,,Unk,Unk,Unk,0,0,NV,NV,Traveling
671,EAC,Kibale,Kanyawara,Individual 29,23.12.10,0.26412,3,2,0.140579,0.123539,,,,,,,,,,,,,,,,,,,,,,,,,With,Pause after BUp,Pause after BUp,1,0,NV,NV,Resting
672,EAC,Kibale,Kanyawara,Individual 29,23.12.10,1.77073,7,6,0.11274,0.652753,0.105486,0.312852,0.306541,0.280354,,,,,,,,,,,,,,,,,,,,,With,Build-Up,Build-Up,1,1,NV,NV,Traveling
673,EAC,Kibale,Kanyawara,Individual 28,01.11.10,0.89764,4,3,0.302075,0.05039,0.545529,,,,,,,,,,,,,,,,,,,,,,,,With,Build-Up,Build-Up,1,1,NV,NV,Traveling
674,EAC,Kibale,Kanyawara,Individual 28,01.11.10,2.32674,13,12,0.109444,0.259209,0.076232,0.349932,0.249128,0.24118,0.162726,0.143715,0.069122,0.072002,0.267849,0.326113,,,,,,,,,,,,,,,With,Build-Up,Let-Down,1,3,NV,NV,Resting
675,EAC,Kibale,Kanyawara,Individual 22,26.02.11,0.77074,4,3,0.123545,0.503249,0.143947,,,,,,,,,,,,,,,,,,,,,,,,With,Climax,Climax,2,2,NV,NV,Resting
676,EAC,Kibale,Kanyawara,Individual 24,26.02.11,1.50039,5,4,0.052994,0.881021,0.076179,0.490192,,,,,,,,,,,,,,,,,,,,,,,With,Climax,Climax,2,2,NV,NV,Traveling
677,EAC,Kibale,Kanyawara,Individual 24,26.02.11,1.79982,5,4,0.146726,1.227866,0.347224,0.078,,,,,,,,,,,,,,,,,,,,,,,With,Climax,Let-Down,2,3,NV,NV,Resting
678,EAC,Kibale,Kanyawara,Individual 26,20.11.10,0.34943,4,3,0.077418,0.169482,0.102526,,,,,,,,,,,,,,,,,,,,,,,,With,Pause after BUp,Pause after BUp,1,0,NV,NV,Resting
679,EAC,Kibale,Kanyawara,Individual 28,26.03.11,1.88317,9,8,0.199148,0.19216,0.150234,0.688282,0.132765,0.143247,0.199148,0.178185,,,,,,,,,,,,,,,,,,,With,Roar,Let-Down,1,3,NV,NV,Resting
680,EAC,Kibale,Kanyawara,Individual 27,07.12.10,0.10345,2,1,0.103445,,,,,,,,,,,,,,,,,,,,,,,,,,With,Let-Down,Let-Down,3,3,NV,NV,Resting
681,EAC,Kibale,Kanyawara,Individual 27,07.12.10,0.14005,2,1,0.140051,,,,,,,,,,,,,,,,,,,,,,,,,,With,Roar,Roar,1,1,NV,NV,Resting
682,EAC,Kibale,Kanyawara,Individual 23,07.12.10,0.62328,4,3,0.071436,0.282171,0.26967,,,,,,,,,,,,,,,,,,,,,,,,With,Build-Up,Climax,1,2,NV,NV,Traveling
683,EAC,Kibale,Kanyawara,Individual 26,12.12.10,0.08884,2,1,0.088837,,,,,,,,,,,,,,,,,,,,,,,,,,With,Let-Down,Let-Down,3,3,NV,NV,Traveling
684,EAC,Kibale,Kanyawara,Individual 26,12.12.10,0.52129,3,2,0.425166,0.096128,,,,,,,,,,,,,,,,,,,,,,,,,With,Roar,Roar,1,1,NV,NV,Resting
686,EAC,Kibale,Kanyawara,Individual 28,13.12.10,1.54426,7,6,0.368569,0.093309,0.387231,0.158625,0.286924,0.2496,,,,,,,,,,,,,,,,,,,,,With,Roar,Let-Down,1,3,NV,NV,Traveling
687,EAC,Kibale,Kanyawara,Individual 24,21.04.11,0.53354,3,2,0.082464,0.451077,,,,,,,,,,,,,,,,,,,,,,,,,With,Climax,Climax,2,2,NV,NV,Traveling
688,EAC,Kibale,Kanyawara,Individual 24,21.04.11,0,1,0,,,,,,,,,,,,,,,,,,,,,,,,,,,With,Climax,Climax,2,2,NV,NV,Resting
689,WAC,Taï,Middle,Individual 37,28.10.99,1.23887,7,6,0.1058,0.306672,0.164635,0.148494,0.261478,0.251794,,,,,,,,,,,,,,,,,,,,,With,Build-Up,Climax,1,2,NV,NV,Traveling
690,WAC,Taï,Middle,Individual 37,28.10.99,1.61922,7,6,0.258173,0.142872,0.335875,0.040104,0.300784,0.54141,,,,,,,,,,,,,,,,,,,,,With,Climax,Let-Down,2,3,NV,NV,Traveling
691,WAC,Taï,Middle,Individual 37,28.10.99,0.31141,3,2,0.152514,0.158898,,,,,,,,,,,,,,,,,,,,,,,,,With,Build-Up,Build-Up,1,1,NV,NV,Traveling
692,WAC,Taï,Middle,Individual 38,11.10.99,1.96241,10,9,0.075316,0.305449,0.213396,0.276159,0.121343,0.117158,0.497924,0.292896,0.062763,,,,,,,,,,,,,,,,,,With,Climax,Let-Down,2,3,NV,NV,Traveling
694,WAC,Taï,Middle,Individual 38,17.11.99,1.63786,7,6,0.116274,0.232549,0.553305,0.388918,0.264624,0.082194,,,,,,,,,,,,,,,,,,,,,With,Build-Up,Climax,1,2,NV,NV,Traveling
695,WAC,Taï,Middle,Individual 38,17.11.99,1.5159,12,11,0.083659,0.080313,0.043503,0.093698,0.093698,0.030117,0.113776,0.54211,0.277748,0.050195,0.107083,,,,,,,,,,,,,,,,With,Build-Up,Climax,1,2,NV,NV,Traveling
696,WAC,Taï,Middle,Individual 38,17.11.99,1.53305,6,5,0.09047,0.684281,0.190809,0.062506,0.504986,,,,,,,,,,,,,,,,,,,,,,With,Build-Up,Climax,1,2,NV,NV,Traveling
698,WAC,Taï,Middle,Individual 38,17.11.99,1.14738,6,5,0.180487,0.120325,0.275028,0.434029,0.137514,,,,,,,,,,,,,,,,,,,,,,With,Build-Up,Climax,1,2,NV,NV,Traveling
699,WAC,Taï,Middle,Individual 38,28.10.99,0.36394,3,2,0.228231,0.135705,,,,,,,,,,,,,,,,,,,,,,,,,With,Build-Up,Build-Up,1,1,NV,NV,Traveling
705,WAC,Taï,Middle,Individual 41,11.10.99,1.75202,12,11,0.154287,0.150859,0.188573,0.113144,0.380575,0.140573,0.168002,0.058286,0.174859,0.054858,0.168002,,,,,,,,,,,,,,,,With,Pause ,Climax,1,2,NV,NV,Resting
706,WAC,Taï,Middle,Individual 41,11.10.99,1.84687,9,8,0.200307,0.160495,0.132755,0.2239,0.313064,0.158513,0.441856,0.215975,,,,,,,,,,,,,,,,,,,With,Pause ,Climax,1,2,NV,NV,Traveling
707,WAC,Taï,Middle,Individual 41,18.11.99,1.12573,6,5,0.251876,0.133649,0.169631,0.236455,0.334122,,,,,,,,,,,,,,,,,,,,,,With,Pause ,Pause,0,0,NV,NV,Resting
710,WAC,Taï,Middle,Individual 41,30.10.99,0.85645,9,8,0.06766,0.127119,0.068449,0.159714,0.052151,0.162973,0.078227,0.140157,,,,,,,,,,,,,,,,,,,With,Pause ,Pause,1,1,NV,NV,Traveling
711,WAC,Taï,Middle,Individual 41,30.10.99,3.29406,12,11,0.263928,0.128942,0.28206,0.064471,0.225648,0.249825,0.249825,0.306237,0.394885,0.096706,0.14506,0.886475,,,,,,,,,,,,,,,With,Build-Up,Climax,1,2,NV,NV,Traveling
712,WAC,Taï,Middle,Individual 41,30.10.99,0.87961,5,4,0.120513,0.090799,0.55898,0.109322,,,,,,,,,,,,,,,,,,,,,,,With,Climax,Climax,2,2,NV,NV,Traveling
713,WAC,Taï,Middle,Individual 41,30.10.99,0.6316,4,3,0.237701,0.19016,0.203743,,,,,,,,,,,,,,,,,,,,,,,,With,Build-Up,Climax,1,2,NV,NV,Traveling
717,WAC,Taï,Middle,Individual 39,01.04.99,0,1,0,,,,,,,,,,,,,,,,,,,,,,,,,,,Without,0,0,0,0,NV,NV,Traveling
718,WAC,Taï,Middle,Individual 39,02.04.99,0,1,0,,,,,,,,,,,,,,,,,,,,,,,,,,,With,Build-Up,Build-Up,1,1,NV,NV,Resting
726,WAC,Taï,Middle,Individual 39,15.03.99,0,1,0,,,,,,,,,,,,,,,,,,,,,,,,,,,With,Build-Up,Build-Up,1,1,NV,NV,Traveling
744,WAC,Taï,Middle,Individual 38,14.03.00,0.71734,3,2,0.226915,0.490429,,,,,,,,,,,,,,,,,,,,,,,,,With,Build-Up,Build-Up,1,1,NV,NV,Traveling
748,WAC,Taï,Middle,Individual 38,02.05.00,0.21441,3,2,0.124848,0.089565,,,,,,,,,,,,,,,,,,,,,,,,,With,Build-Up,Build-Up,1,1,NV,NV,Resting
749,WAC,Taï,Middle,Individual 38,30.05.00,1.46084,6,5,0.259402,0.314013,0.058024,0.184312,0.645091,,,,,,,,,,,,,,,,,,,,,,With,Build-Up,Build-Up,1,1,NV,NV,Traveling
750,WAC,Taï,Middle,Individual 38,07.05.00,0.47863,4,3,0.080477,0.211782,0.186368,,,,,,,,,,,,,,,,,,,,,,,,With,Build-Up,Build-Up,1,1,NV,NV,Traveling
751,WAC,Taï,Middle,Individual 38,07.05.00,0.47863,4,3,0.080477,0.211782,0.186368,,,,,,,,,,,,,,,,,,,,,,,,With,Build-Up,Build-Up,1,1,NV,NV,Traveling
752,WAC,Taï,Middle,Individual 38,15.03.00,0.21865,2,1,0.218651,,,,,,,,,,,,,,,,,,,,,,,,,,With,Build-Up,Build-Up,1,1,NV,NV,Traveling
753,WAC,Taï,Middle,Individual 38,15.03.00,0,1,0,,,,,,,,,,,,,,,,,,,,,,,,,,,With,Build-Up,Build-Up,1,1,NV,NV,Traveling
757,WAC,Taï,Middle,Individual 41,30.04.00,0.85149,8,7,0.132127,0.117446,0.132127,0.112553,0.12234,0.107659,0.127234,,,,,,,,,,,,,,,,,,,,Unk,Unk,Unk,0,0,NV,NV,Resting
758,WAC,Taï,North,Individual 44,10.02.99,0.63027,5,4,0.105562,0.173867,0.161448,0.18939,,,,,,,,,,,,,,,,,,,,,,,With,Build-Up,Build-Up,1,1,NV,NV,Traveling
759,WAC,Taï,North,Individual 44,13.04.99,1.51074,4,3,0.309473,0.899997,0.30127,,,,,,,,,,,,,,,,,,,,,,,,With,Build-Up,Build-Up,1,1,NV,NV,Traveling
760,WAC,Taï,North,Individual 44,13.04.99,0.86248,4,3,0.300201,0.185838,0.376442,,,,,,,,,,,,,,,,,,,,,,,,Unk,Unk,Unk,0,0,NV,NV,Traveling
761,WAC,Taï,North,Individual 44,06.03.99,0.72557,3,2,0.516178,0.209393,,,,,,,,,,,,,,,,,,,,,,,,,Without,0,0,0,0,NV,NV,Traveling
762,WAC,Taï,North,Individual 45,13.04.99,4.70755,19,18,0.112342,0.291889,0.679203,0.235756,0.185237,0.235756,0.275049,0.22453,0.196464,0.297502,0.258209,0.230143,0.235756,0.22453,0.213303,0.297502,0.275049,0.239333,,,,,,,,,With,Build-Up,after,1,0,NV,NV,Traveling
763,WAC,Taï,North,Individual 45,01.04.99,2.51589,10,9,0.079582,0.436012,0.313623,0.478083,0.130039,0.550752,0.068844,0.175935,0.283025,,,,,,,,,,,,,,,,,,Unk,Unk,Unk,0,0,NV,NV,Traveling
764,WAC,Taï,North,Individual 45,23.09.99,3.58297,17,16,0.19204,0.177815,0.177815,0.167146,0.22049,0.25961,0.252497,0.22049,0.227603,0.270279,0.269749,0.234716,0.238272,0.22049,0.224047,0.22991,,,,,,,,,,,With,Build-Up,after,1,0,NV,NV,Traveling
765,WAC,Taï,North,Individual 45,02.04.99,0.55933,4,3,0.246762,0.179313,0.133251,,,,,,,,,,,,,,,,,,,,,,,,With,Build-Up,Climax,1,2,NV,NV,Traveling
766,WAC,Taï,North,Individual 45,02.04.99,0.67698,3,2,0.324951,0.352031,,,,,,,,,,,,,,,,,,,,,,,,,With,Build-Up,Climax,1,2,NV,NV,Resting
767,WAC,Taï,North,Individual 45,27.03.99,3.64428,9,8,0.121052,0.400637,0.825747,0.557703,0.489717,0.432328,0.384772,0.432328,,,,,,,,,,,,,,,,,,,With,Build-Up,after,1,0,NV,NV,Traveling
768,WAC,Taï,North,Individual 45,27.03.99,0.56641,4,3,0.208676,0.170347,0.187382,,,,,,,,,,,,,,,,,,,,,,,,With,Roar,Roar,1,1,NV,NV,Traveling
769,WAC,Taï,North,Individual 45,27.03.99,0.47443,2,1,0.474432,,,,,,,,,,,,,,,,,,,,,,,,,,With,Roar,Roar,1,1,NV,NV,Traveling
770,WAC,Taï,North,Individual 45,27.03.99,0.39805,2,1,0.398052,,,,,,,,,,,,,,,,,,,,,,,,,,With,Build-Up,Climax,1,2,NV,NV,Traveling
771,WAC,Taï,North,Individual 45,27.03.99,0.55699,3,2,0.09193,0.465056,,,,,,,,,,,,,,,,,,,,,,,,,With,Build-Up,Climax,1,2,NV,NV,Traveling
773,WAC,Taï,North,Individual 46,10.12.99,0.5714,4,3,0.151307,0.091424,0.328669,,,,,,,,,,,,,,,,,,,,,,,,With,Climax,Climax,2,2,NV,NV,Traveling
775,WAC,Taï,North,Individual 44,07.02.99,2.98279,9,8,0.177321,0.202653,0.506631,1.393236,0.234317,0.158322,0.177321,0.132991,,,,,,,,,,,,,,,,,,,With,Build-Up,Build-Up,1,1,NV,NV,Traveling
776,WAC,Taï,North,Individual 44,07.02.99,1.01779,6,5,0.200473,0.097666,0.179912,0.298139,0.241596,,,,,,,,,,,,,,,,,,,,,,With,Build-Up,Build-Up,1,1,NV,NV,Resting
777,WAC,Taï,North,Individual 44,07.02.99,0.33309,3,2,0.22149,0.111604,,,,,,,,,,,,,,,,,,,,,,,,,With,Build-Up,Build-Up,1,1,NV,NV,Traveling
778,WAC,Taï,North,Individual 44,10.02.99,0.6448,5,4,0.133566,0.165807,0.156595,0.188835,,,,,,,,,,,,,,,,,,,,,,,With,Build-Up,Build-Up,1,1,NV,NV,Traveling
779,WAC,Taï,North,Individual 44,22.02.99,0.89022,6,5,0.168603,0.161859,0.182091,0.155115,0.222556,,,,,,,,,,,,,,,,,,,,,,With,Pause ,Pause,0,0,NV,NV,Resting
782,WAC,Taï,North,Individual 44,27.03.99,2.00749,10,9,0.13883,0.416367,0.173209,0.136568,0.116583,0.233166,0.28313,0.256482,0.253151,,,,,,,,,,,,,,,,,,With,Build-Up,Climax,1,2,NV,NV,Resting
783,WAC,Taï,North,Individual 45,01.04.99,0.45399,2,1,0.453994,,,,,,,,,,,,,,,,,,,,,,,,,,Without,0,0,0,0,NV,NV,Traveling
784,WAC,Taï,North,Individual 45,13.03.99,1.06097,6,5,0.207258,0.246736,0.197389,0.217128,0.192454,,,,,,,,,,,,,,,,,,,,,,Without,0,0,0,0,NV,NV,Traveling
785,WAC,Taï,North,Individual 45,13.04.99,1.18705,5,4,0.272643,0.243282,0.188753,0.482369,,,,,,,,,,,,,,,,,,,,,,,With,Build-Up,Climax,1,2,NV,NV,Traveling
786,WAC,Taï,North,Individual 45,13.04.99,4.79005,11,10,0.251506,1.383284,0.632686,0.422988,0.422988,0.400124,0.400124,0.417272,0.459079,,,,,,,,,,,,,,,,,,With,Build-Up,after,1,0,NV,NV,Traveling
787,WAC,Taï,North,Individual 45,13.04.99,0.7963,4,3,0.338851,0.186368,0.271081,,,,,,,,,,,,,,,,,,,,,,,,With,Build-Up,Climax,1,2,NV,NV,Traveling
788,WAC,Taï,North,Individual 45,13.04.99,0.73774,4,3,0.351915,0.187203,0.198622,,,,,,,,,,,,,,,,,,,,,,,,With,Build-Up,Climax,1,2,NV,NV,Resting
789,WAC,Taï,North,Individual 45,13.04.99,2.39675,11,10,0.37427,0.099579,0.339941,0.285001,0.202591,0.171687,0.247229,0.21976,0.16482,0.291876,,,,,,,,,,,,,,,,,With,Build-Up,Climax,1,2,NV,NV,Resting
790,WAC,Taï,North,Individual 45,13.04.99,1.18063,6,5,0.271903,0.250437,0.271903,0.100175,0.286214,,,,,,,,,,,,,,,,,,,,,,With,Build-Up,Climax,1,2,NV,NV,Traveling
791,WAC,Taï,North,Individual 45,13.04.99,1.14712,6,5,0.280662,0.143929,0.289298,0.177033,0.256194,,,,,,,,,,,,,,,,,,,,,,With,Build-Up,Climax,1,2,NV,NV,Traveling
792,WAC,Taï,North,Individual 45,13.04.99,0.6277,4,3,0.218608,0.156924,0.252164,,,,,,,,,,,,,,,,,,,,,,,,With,Build-Up,Build-Up,1,1,NV,NV,Traveling
793,WAC,Taï,North,Individual 45,13.04.99,3.87984,16,15,0.228724,0.215062,0.258374,0.190604,0.216017,0.271081,0.228724,0.250552,0.228724,0.279552,0.292259,0.309201,0.317673,0.317673,0.275622,,,,,,,,,,,,With,Build-Up,after,1,0,NV,NV,Traveling
794,WAC,Taï,North,Individual 45,13.04.99,2.78195,10,9,0.171893,0.131181,0.162846,1.284672,0.199034,0.126658,0.321168,0.149275,0.235222,,,,,,,,,,,,,,,,,,With,Build-Up,after,1,0,NV,NV,Traveling
795,WAC,Taï,North,Individual 45,15.03.99,1.90916,3,2,0.331531,1.57763,,,,,,,,,,,,,,,,,,,,,,,,,With,Build-Up,Climax,1,2,NV,NV,Traveling
796,WAC,Taï,North,Individual 45,15.03.99,0.3363,2,1,0.336301,,,,,,,,,,,,,,,,,,,,,,,,,,With,Build-Up,Build-Up,1,1,NV,NV,Traveling
797,WAC,Taï,North,Individual 45,15.03.99,1.26983,6,5,0.23773,0.150756,0.284117,0.197142,0.400082,,,,,,,,,,,,,,,,,,,,,,With,Build-Up,Climax,1,2,NV,NV,Traveling
798,WAC,Taï,North,Individual 45,15.03.99,0.86423,4,3,0.27031,0.332847,0.261077,,,,,,,,,,,,,,,,,,,,,,,,With,Build-Up,Climax,1,2,NV,NV,Traveling
799,WAC,Taï,North,Individual 45,15.03.99,0.96079,5,4,0.271739,0.242624,0.194099,0.252329,,,,,,,,,,,,,,,,,,,,,,,With,Build-Up,Climax,1,2,NV,NV,Traveling
800,WAC,Taï,North,Individual 45,22.02.99,2.33708,11,10,0.322716,0.043426,0.252658,0.217128,0.232919,0.244762,0.544793,0.10659,0.146068,0.226024,,,,,,,,,,,,,,,,,With,Build-Up,after,1,0,NV,NV,Traveling
801,WAC,Taï,North,Individual 45,22.02.99,3.64081,17,16,0.143245,0.149214,0.125339,0.232773,0.208899,0.161151,0.20293,0.190993,0.173088,0.692351,0.113402,0.20293,0.143245,0.113402,0.483452,0.304396,,,,,,,,,,,With,Build-Up,Climax,1,2,NV,NV,Traveling
802,WAC,Taï,North,Individual 45,22.02.99,2.93961,11,10,0.140069,0.114115,0.333217,1.141154,0.136938,0.278442,0.11868,0.219102,0.205408,0.252488,,,,,,,,,,,,,,,,,With,Build-Up,Let-Down,1,3,NV,NV,Traveling
803,WAC,Taï,North,Individual 45,22.02.99,2.05864,10,9,0.136568,0.075871,0.060697,0.192207,0.738481,0.207382,0.166917,0.171975,0.308543,,,,,,,,,,,,,,,,,,With,Build-Up,after,1,0,NV,NV,Traveling
804,WAC,Taï,North,Individual 45,22.02.99,0.27131,3,2,0.152051,0.119256,,,,,,,,,,,,,,,,,,,,,,,,,With,Build-Up,Build-Up,1,1,NV,NV,Traveling
805,WAC,Taï,North,Individual 45,22.02.99,0.88547,6,5,0.103976,0.10733,0.251555,0.21466,0.207952,,,,,,,,,,,,,,,,,,,,,,With,Climax,Climax,2,2,NV,NV,Traveling
806,WAC,Taï,North,Individual 45,22.02.99,2.51893,5,4,0.354066,0.455228,1.568007,0.141626,,,,,,,,,,,,,,,,,,,,,,,With,Build-Up,after,1,0,NV,NV,Traveling
807,WAC,Taï,North,Individual 45,22.02.99,2.17736,9,8,0.141233,0.11539,0.11539,0.175594,0.953223,0.301018,0.095322,0.280193,,,,,,,,,,,,,,,,,,,With,Build-Up,Climax,1,2,NV,NV,Traveling
808,WAC,Taï,North,Individual 45,22.02.99,3.44789,16,15,0.191549,0.112676,0.202817,0.23662,0.4,0.073239,0.35493,0.242254,0.304225,0.270423,0.208451,0.191549,0.107042,0.214085,0.338028,,,,,,,,,,,,With,Build-Up,after,1,0,NV,NV,Traveling
809,WAC,Taï,North,Individual 45,22.02.99,0.90544,4,3,0.183376,0.074761,0.647302,,,,,,,,,,,,,,,,,,,,,,,,With,Build-Up,Climax,1,2,NV,NV,Resting
810,WAC,Taï,North,Individual 45,22.02.99,1.60954,8,7,0.211782,0.118598,0.177897,0.415092,0.127069,0.262609,0.296494,,,,,,,,,,,,,,,,,,,,With,Build-Up,After Climax,1,3,NV,NV,Traveling
811,WAC,Taï,North,Individual 45,23.02.99,0.81916,4,3,0.136527,0.341318,0.341318,,,,,,,,,,,,,,,,,,,,,,,,With,Build-Up,Climax,1,2,NV,NV,Traveling
812,WAC,Taï,North,Individual 45,27.03.99,5.26452,9,8,0.470613,0.547795,0.597595,0.626051,0.583366,1.287674,0.50511,0.64632,,,,,,,,,,,,,,,,,,,With,Build-Up,Let-Down,1,3,NV,NV,Traveling
813,WAC,Taï,North,Individual 45,27.03.99,0.57374,4,3,0.211348,0.174812,0.187583,,,,,,,,,,,,,,,,,,,,,,,,With,Build-Up,Build-Up,1,1,NV,NV,Traveling
814,WAC,Taï,North,Individual 45,27.03.99,1.48708,5,4,0.310887,0.632138,0.409335,0.134718,,,,,,,,,,,,,,,,,,,,,,,Unk,Unk,Unk,0,0,NV,NV,Traveling
815,WAC,Taï,North,Individual 45,27.03.99,2.63662,8,7,0.338028,0.682541,0.371831,0.264789,0.315493,0.366197,0.297741,,,,,,,,,,,,,,,,,,,,With,Build-Up,after,1,0,NV,NV,Traveling
816,WAC,Taï,North,Individual 45,30.03.99,1.3758,5,4,0.096474,0.188753,0.692094,0.398479,,,,,,,,,,,,,,,,,,,,,,,With,Roar,Climax,1,2,NV,NV,Traveling
817,WAC,Taï,North,Individual 45,30.03.99,1.13472,4,3,0.247207,0.744074,0.143436,,,,,,,,,,,,,,,,,,,,,,,,Unk,Unk,Unk,0,0,NV,NV,Traveling
818,WAC,Taï,North,Individual 45,07.03.99,1.64803,7,6,0.20512,0.608286,0.261705,0.176827,0.20512,0.190974,,,,,,,,,,,,,,,,,,,,,With,Build-Up,Unk,1,0,NV,NV,Traveling
819,WAC,Taï,North,Individual 45,07.03.99,1.71361,11,10,0.238451,0.173786,0.181869,0.145495,0.169744,0.117205,0.169744,0.169744,0.161661,0.185911,,,,,,,,,,,,,,,,,With,Build-Up,Climax,1,2,NV,NV,Traveling
820,WAC,Taï,North,Individual 45,15.03.99,0.8292,3,2,0.456818,0.372379,,,,,,,,,,,,,,,,,,,,,,,,,With,Climax,Climax,2,2,NV,NV,Traveling
825,WAC,Taï,East,Individual 01,13.10.13,0.49244,4,3,0.106272,0.234996,0.151176,,,,,,,,,,,,,,,,,,,,,,,,With,Build-Up,Build-Up,1,1,NV,NV,Traveling
826,WAC,Taï,East,Individual 01,13.10.13,0.85814,5,4,0.248912,0.160139,0.184508,0.264578,,,,,,,,,,,,,,,,,,,,,,,With,Build-Up,Build-Up,1,1,NV,NV,Traveling
827,WAC,Taï,East,Individual 03,24.10.13,0.56947,6,5,0.108127,0.067904,0.141799,0.101856,0.149788,,,,,,,,,,,,,,,,,,,,,,With,Build-Up,Climax,1,2,NV,NV,Resting
828,WAC,Taï,East,Individual 03,24.10.13,0.33151,3,2,0.182481,0.149026,,,,,,,,,,,,,,,,,,,,,,,,,With,Build-Up,Build-Up,1,1,NV,NV,Resting
829,WAC,Taï,East,Individual 03,24.10.13,0.8362,8,7,0.105908,0.067971,0.154911,0.137523,0.142265,0.105908,0.121715,,,,,,,,,,,,,,,,,,,,With,Build-Up,Build-Up,1,1,NV,NV,Traveling
830,WAC,Taï,East,Individual 01,25.10.13,0.38019,4,3,0.054313,0.101384,0.224494,,,,,,,,,,,,,,,,,,,,,,,,With,Build-Up,Build-Up,1,1,NV,NV,Traveling
831,WAC,Taï,East,Individual 08,25.10.13,0.66954,5,4,0.282032,0.068788,0.220122,0.098596,,,,,,,,,,,,,,,,,,,,,,,With,Climax,after,2,0,NV,NV,Resting
832,WAC,Taï,East,Individual 08,26.10.13,1.14415,8,7,0.154724,0.209692,0.089577,0.242266,0.085506,0.236158,0.126222,,,,,,,,,,,,,,,,,,,,With,Climax,after,2,0,NV,NV,Traveling
833,WAC,Taï,East,Individual 01,28.10.13,0.60001,5,4,0.179225,0.128574,0.101301,0.190914,,,,,,,,,,,,,,,,,,,,,,,With,Build-Up,Build-Up,1,1,NV,NV,Traveling
834,WAC,Taï,East,Individual 01,28.10.13,1.68049,8,7,0.262731,0.218117,0.094187,0.470934,0.218117,0.237945,0.178459,,,,,,,,,,,,,,,,,,,,With,Build-Up,Climax,1,2,NV,NV,Traveling
835,WAC,Taï,East,Individual 01,28.10.13,1.66665,8,7,0.208331,0.149999,0.319442,0.361108,0.166665,0.177776,0.283331,,,,,,,,,,,,,,,,,,,,With,Build-Up,Climax,1,2,NV,NV,Resting
837,WAC,Taï,East,Individual 08,07.11.13,3.37229,16,15,0.096981,0.185145,0.163104,0.160769,0.102534,0.208604,0.116677,0.233354,0.113141,0.342959,0.123748,0.254568,0.737309,0.202778,0.330616,,,,,,,,,,,,With,Build-Up,Climax,1,2,NV,NV,Resting
838,WAC,Taï,East,Individual 08,07.11.13,0.26524,3,2,0.151408,0.113833,,,,,,,,,,,,,,,,,,,,,,,,,With,Build-Up,Climax,1,2,NV,NV,Traveling
839,WAC,Taï,East,Individual 01,07.11.13,1.64775,6,5,0.333056,0.283974,0.399668,0.396162,0.234892,,,,,,,,,,,,,,,,,,,,,,With,Build-Up,Climax,1,2,NV,NV,Traveling
840,WAC,Taï,East,Individual 01,07.11.13,3.34547,8,7,0.377841,0.291253,1.452327,0.299124,0.389649,0.322739,0.212536,,,,,,,,,,,,,,,,,,,,With,Build-Up,Build-Up,1,1,NV,NV,Traveling
841,WAC,Taï,East,Individual 08,07.11.13,4.13883,21,20,0.169857,0.055001,0.146214,0.125433,0.201215,0.135885,0.209054,0.125433,0.216894,0.11498,0.146338,0.141112,0.224733,0.141112,1.038127,0.250989,0.14461,0.186164,0.227719,0.137961,,,,,,,With,after,after,0,0,NV,NV,Traveling
844,WAC,Taï,East,Individual 01,12.11.13,1.94706,9,8,0.188955,0.142401,0.232771,0.191694,0.377911,0.287541,0.158832,0.366957,,,,,,,,,,,,,,,,,,,With,Build-Up,after,1,0,NV,NV,Resting
845,WAC,Taï,East,Individual 01,12.11.13,2.02626,10,9,0.32163,0.24006,0.084977,0.237935,0.244309,0.223064,0.208193,0.231562,0.234528,,,,,,,,,,,,,,,,,,With,Build-Up,Build-Up,1,1,NV,NV,Traveling
847,WAC,Taï,East,Individual 04,14.11.13,0.61621,5,4,0.114979,0.301819,0.025152,0.174264,,,,,,,,,,,,,,,,,,,,,,,With,Build-Up,Climax,1,2,NV,NV,Traveling
848,WAC,Taï,East,Individual 06,15.11.13,0.37411,4,3,0.186321,0.042546,0.145242,,,,,,,,,,,,,,,,,,,,,,,,With,Build-Up,Build-Up,1,1,NV,NV,Traveling
849,WAC,Taï,East,Individual 03,18.11.13,1.32227,9,8,0.193992,0.060204,0.115949,0.372375,0.026758,0.245277,0.225209,0.082502,,,,,,,,,,,,,,,,,,,With,after,after,0,0,NV,NV,Traveling
850,WAC,Taï,East,Individual 03,18.11.13,0.30899,3,2,0.177775,0.131215,,,,,,,,,,,,,,,,,,,,,,,,,With,Build-Up,Build-Up,1,1,NV,NV,Traveling
851,WAC,Taï,East,Individual 01,18.11.13,1.84995,5,4,0.638888,0.211017,0.286876,0.713169,,,,,,,,,,,,,,,,,,,,,,,With,Build-Up,Build-Up,1,1,NV,NV,Resting
852,WAC,Taï,East,Individual 01,19.11.13,2.19521,7,6,0.301912,0.214443,0.843662,0.411955,0.186226,0.237015,,,,,,,,,,,,,,,,,,,,,With,Build-Up,after,1,0,NV,NV,Traveling
855,WAC,Taï,East,Individual 03,19.11.13,1.70764,9,8,0.248818,0.068169,0.08862,0.879385,0.11248,0.102254,0.115888,0.092029,,,,,,,,,,,,,,,,,,,With,Build-Up,Build-Up,1,1,NV,NV,Traveling
856,WAC,Taï,East,Individual 06,27.11.13,1.02559,7,6,0.104193,0.098064,0.157311,0.118494,0.296235,0.251289,,,,,,,,,,,,,,,,,,,,,With,Build-Up,Climax,1,2,NV,NV,Traveling
859,WAC,Taï,East,Individual 01,28.11.13,1.4874,9,8,0.215103,0.094898,0.057361,0.259293,0.312755,0.16306,0.267312,0.117617,,,,,,,,,,,,,,,,,,,With,Build-Up,Climax,1,2,NV,NV,Resting
860,WAC,Taï,East,Individual 03,05.11.13,1.10737,5,4,0.274153,0.19352,0.155891,0.4838,,,,,,,,,,,,,,,,,,,,,,,With,after,after,0,0,NV,NV,Traveling
861,WAC,Taï,East,Individual 08,07.11.13,4.62335,22,21,0.095323,0.185629,0.180612,0.205697,0.185629,0.110374,0.040136,0.15051,0.15051,0.290985,0.220747,0.145493,0.185629,0.155527,0.381291,0.341155,0.245832,0.708823,0.289455,0.230781,0.123214,,,,,,With,Climax,after,2,0,NV,NV,Traveling
862,WAC,Taï,East,Individual 03,13.01.14,1.53089,13,12,0.125277,0.125277,0.130288,0.120266,0.102727,0.055122,0.092705,0.150333,0.092705,0.192927,0.057627,0.285632,,,,,,,,,,,,,,,With,Build-Up,Climax,1,2,NV,NV,Traveling
865,WAC,Taï,East,Individual 03,19.02.14,0.98599,10,9,0.167665,0.076911,0.061528,0.081525,0.147668,0.121519,0.081525,0.127672,0.11998,,,,,,,,,,,,,,,,,,With,Build-Up,Build-Up,1,1,NV,NV,Traveling
866,WAC,Taï,East,Individual 06,20.02.14,0.42159,3,2,0.205237,0.216354,,,,,,,,,,,,,,,,,,,,,,,,,With,Build-Up,Build-Up,1,1,NV,NV,Traveling
870,WAC,Taï,East,Individual 08,02.04.14,1.31354,10,9,0.070259,0.140518,0.076369,0.189394,0.134409,0.204668,0.12219,0.216887,0.158847,,,,,,,,,,,,,,,,,,With,after,after,0,0,NV,NV,Traveling
871,WAC,Taï,East,Individual 08,02.04.14,1.16453,11,10,0.128684,0.050059,0.081804,0.062268,0.097676,0.194131,0.199015,0.148956,0.072036,0.129905,,,,,,,,,,,,,,,,,With,Build-Up,after,1,0,NV,NV,Traveling
872,WAC,Taï,East,Individual 08,02.04.14,2.67403,12,11,0.169533,0.121095,0.141277,0.145314,0.131859,0.766631,0.270588,0.618487,0.08868,0.115966,0.104597,,,,,,,,,,,,,,,,With,after,after,0,0,NV,NV,Traveling
874,WAC,Taï,East,Individual 03,02.04.14,0.55955,5,4,0.195057,0.101661,0.143813,0.119018,,,,,,,,,,,,,,,,,,,,,,,With,Build-Up,Build-Up,1,1,NV,NV,Traveling
876,WAC,Taï,East,Individual 05,18.01.20,1.83806,10,9,0.170214,0.046386,0.213644,0.055715,0.204288,0.526197,0.287861,0.161628,0.172127,,,,,,,,,,,,,,,,,,With,Climax,after,2,0,NV,NV,Resting
877,WAC,Taï,East,Individual 05,18.01.20,1.44939,10,9,0.24286,0.048572,0.10103,0.122401,0.136002,0.184574,0.303089,0.182631,0.12823,,,,,,,,,,,,,,,,,,With,Build-Up,after,1,0,NV,NV,Traveling
878,WAC,Taï,East,Individual 05,18.01.20,0.92383,4,3,0.061461,0.618448,0.243922,,,,,,,,,,,,,,,,,,,,,,,,With,Build-Up,after,1,0,NV,NV,Traveling
879,WAC,Taï,East,Individual 04,19.01.20,0.38965,5,4,0.026642,0.052175,0.123222,0.187608,,,,,,,,,,,,,,,,,,,,,,,With,Build-Up,Build-Up,1,1,NV,NV,Traveling
882,WAC,Taï,East,Individual 08,19.01.20,1.80675,13,12,0.149622,0.10163,0.16656,0.169383,0.206083,0.16656,0.183498,0.06493,0.146799,0.169383,0.12986,0.152445,,,,,,,,,,,,,,,With,Build-Up,after,1,0,NV,NV,Traveling
885,WAC,Taï,East,Individual 08,19.01.20,3.48086,17,16,0.326251,0.171526,0.21532,0.135031,0.302908,0.127732,0.251815,0.186124,0.178825,0.295609,0.102186,0.138681,0.197073,0.583919,0.047443,0.220416,,,,,,,,,,,With,Build-Up,Let-Down,1,3,NV,NV,Traveling
886,WAC,Taï,East,Individual 06,19.01.20,0.52799,6,5,0.076266,0.058666,0.164264,0.085065,0.143731,,,,,,,,,,,,,,,,,,,,,,With,Build-Up,Climax,1,2,NV,NV,Traveling
887,WAC,Taï,East,Individual 06,19.01.20,0.43892,3,2,0.259694,0.179225,,,,,,,,,,,,,,,,,,,,,,,,,Without,0,0,0,0,NV,NV,Traveling
888,WAC,Taï,East,Individual 06,19.01.20,1.56665,9,8,0.079324,0.042967,0.109071,0.188395,0.677559,0.1917,0.122291,0.155343,,,,,,,,,,,,,,,,,,,With,Build-Up,Climax,1,2,NV,NV,Traveling
890,WAC,Taï,East,Individual 08,02.02.20,1.69166,8,7,0.165545,0.131919,0.165545,0.708739,0.139679,0.193998,0.186238,,,,,,,,,,,,,,,,,,,,With,Build-Up,Let-Down,1,0,NV,NV,Traveling
891,WAC,Taï,East,Individual 08,02.02.20,1.66758,10,9,0.077621,0.234281,0.174837,0.157353,0.180082,0.185327,0.222043,0.269249,0.166788,,,,,,,,,,,,,,,,,,With,Build-Up,after,1,0,NV,NV,Traveling
892,WAC,Taï,East,Individual 08,02.02.20,1.39519,9,8,0.107707,0.177842,0.393759,0.070213,0.207714,0.178459,0.112634,0.146857,,,,,,,,,,,,,,,,,,,With,after,after,0,0,NV,NV,Traveling
893,WAC,Taï,East,Individual 08,02.02.20,0.55104,5,4,0.159103,0.110596,0.091193,0.190147,,,,,,,,,,,,,,,,,,,,,,,With,roar,after,1,0,NV,NV,Traveling
895,WAC,Taï,East,Individual 08,02.02.20,2.41357,10,9,0.188842,0.147946,0.126295,0.116673,0.156366,0.869669,0.250971,0.201944,0.354861,,,,,,,,,,,,,,,,,,With,Build-Up,Climax,1,2,NV,NV,Resting
896,WAC,Taï,East,Individual 06,02.02.20,0.45065,4,3,0.144765,0.188064,0.117816,,,,,,,,,,,,,,,,,,,,,,,,With,Build-Up,Build-Up,1,1,NV,NV,Traveling
897,WAC,Taï,East,Individual 08,03.02.20,1.93544,11,10,0.159859,0.03711,0.151295,0.062802,0.202678,0.142731,0.11704,0.239788,0.236934,0.585198,,,,,,,,,,,,,,,,,With,Climax,after,2,0,NV,NV,Traveling
898,WAC,Taï,East,Individual 05,03.02.20,1.15475,7,6,0.104161,0.201139,0.172404,0.12212,0.269382,0.285545,,,,,,,,,,,,,,,,,,,,,With,Climax,after,2,0,NV,NV,Traveling
899,WAC,Taï,East,Individual 08,03.02.20,1.36411,8,7,0.080417,0.29772,0.25924,0.14892,0.184661,0.268056,0.125093,,,,,,,,,,,,,,,,,,,,With,Build-Up,after,1,0,NV,NV,Traveling
901,WAC,Taï,East,Individual 08,03.02.20,1.09884,6,5,0.224909,0.276316,0.092105,0.250612,0.254896,,,,,,,,,,,,,,,,,,,,,,With,Build-Up,Climax,1,2,NV,NV,Traveling
902,WAC,Taï,East,Individual 05,10.02.20,1.07301,10,9,0.142016,0.183438,0.045366,0.075124,0.037306,0.18541,0.086788,0.116374,0.20119,,,,,,,,,,,,,,,,,,With,after,after,0,0,NV,NV,Traveling
903,WAC,Taï,East,Individual 08,15.02.20,3.29207,14,13,0.190157,0.196291,0.237185,0.075654,0.094056,0.141084,0.10019,1.571724,0.095563,0.16788,0.136887,0.192417,0.09298,,,,,,,,,,,,,,With,Build-Up,after,1,0,NV,NV,Traveling
904,WAC,Taï,East,Individual 08,15.02.20,0.20209,2,1,0.202091,,,,,,,,,,,,,,,,,,,,,,,,,,With,Build-Up,Build-Up,1,1,NV,NV,Traveling
905,WAC,Taï,East,Individual 08,15.02.20,0.31346,4,3,0.082058,0.132934,0.09847,,,,,,,,,,,,,,,,,,,,,,,,With,after,after,0,0,NV,NV,Traveling
906,WAC,Taï,East,Individual 08,15.02.20,1.99971,13,12,0.201154,0.139033,0.127201,0.221862,0.174531,0.136075,0.065079,0.127201,0.150866,0.17576,0.022436,0.458514,,,,,,,,,,,,,,,With,Build-Up,after,1,0,NV,NV,Traveling
907,WAC,Taï,East,Individual 08,15.02.20,3.53916,15,14,0.206339,0.10317,0.165968,0.282595,0.188397,0.394736,0.784986,0.192882,0.130083,0.17494,0.251195,0.062799,0.457534,0.14354,,,,,,,,,,,,,With,Build-Up,after,1,0,NV,NV,Traveling
908,WAC,Taï,East,Individual 08,15.02.20,2.48516,14,13,0.073435,0.18552,0.16215,0.13932,0.127545,0.181655,0.10049,0.17006,0.614535,0.20098,0.112085,0.21644,0.20098,,,,,,,,,,,,,,With,Build-Up,after,1,0,NV,NV,Traveling
910,WAC,Taï,South,Individual 62,09.02.20,0.47057,4,3,0.134827,0.256436,0.07931,,,,,,,,,,,,,,,,,,,,,,,,With,Build-Up,Build-Up,1,1,NV,NV,Traveling
912,WAC,Taï,South,Individual 63,12.02.20,0.80292,6,5,0.175452,0.273586,0.074344,0.104082,0.175452,,,,,,,,,,,,,,,,,,,,,,With,Climax,Climax,2,2,NV,NV,Traveling
914,WAC,Taï,South,Individual 64,12.01.20,0.09595,2,1,0.095949,,,,,,,,,,,,,,,,,,,,,,,,,,With,Build-Up,after,1,0,NV,NV,Resting
917,WAC,Taï,South,Individual 64,17.01.20,0.76766,7,6,0.134781,0.056647,0.154314,0.164081,0.09962,0.158221,,,,,,,,,,,,,,,,,,,,,With,after,after,0,0,NV,NV,Traveling
919,WAC,Taï,South,Individual 64,22.01.20,0.53497,3,2,0.344295,0.19067,,,,,,,,,,,,,,,,,,,,,,,,,With,Build-Up,Build-Up,1,1,NV,NV,Traveling
921,WAC,Taï,South,Individual 64,24.01.20,0.6007,5,4,0.047738,0.234712,0.173051,0.145203,,,,,,,,,,,,,,,,,,,,,,,With,Build-Up,Build-Up,1,1,NV,NV,Traveling
926,WAC,Taï,South,Individual 66,27.01.20,1.48833,14,13,0.097519,0.092876,0.118417,0.132348,0.08591,0.062691,0.081266,0.081266,0.153245,0.192717,0.076622,0.143957,0.169498,,,,,,,,,,,,,,With,Build-Up,Climax,1,2,NV,NV,Resting
927,WAC,Taï,South,Individual 66,27.01.20,4.70626,27,26,0.150334,0.232775,0.167307,0.058194,0.093079,0.047556,0.09214,0.053344,0.058194,0.133361,0.033946,0.220651,0.089715,0.084866,0.106689,0.04607,1.183776,0.064416,0.123266,0.16621,0.080321,0.994517,0.12688,0.11224,0.100528,0.085888,With,Build-Up,after,1,0,NV,NV,Traveling
931,WAC,Taï,South,Individual 66,30.01.20,2.73034,16,15,0.080227,0.203652,0.046285,0.15531,0.041142,0.702735,0.101852,0.23564,0.035389,0.167451,0.034016,0.377972,0.214242,0.195082,0.139345,,,,,,,,,,,,With,Build-Up,Climax,1,2,NV,NV,Resting
932,WAC,Taï,South,Individual 66,31.01.20,0.48635,5,4,0.145178,0.119772,0.06533,0.156067,,,,,,,,,,,,,,,,,,,,,,,With,Build-Up,Climax,1,2,NV,NV,Traveling
933,WAC,Taï,South,Individual 66,31.01.20,0.65009,5,4,0.104227,0.273815,0.155457,0.116592,,,,,,,,,,,,,,,,,,,,,,,With,Build-Up,Build-Up,1,1,NV,NV,Traveling
935,WAC,Taï,South,Individual 66,06.02.20,0.61806,7,6,0.081471,0.137658,0.112374,0.092708,0.073043,0.120802,,,,,,,,,,,,,,,,,,,,,With,Build-Up,Build-Up,1,1,NV,NV,Traveling
936,WAC,Taï,South,Individual 66,09.02.20,0.59753,7,6,0.1385,0.057379,0.148393,0.071229,0.118714,0.063314,,,,,,,,,,,,,,,,,,,,,With,Build-Up,Build-Up,1,1,NV,NV,Traveling
937,WAC,Taï,South,Individual 66,09.02.20,1.88836,8,7,0.218268,0.210541,0.106236,0.083058,1.107822,0.100414,0.06202,,,,,,,,,,,,,,,,,,,,With,Build-Up,Climax,1,2,NV,NV,Traveling
938,WAC,Taï,South,Individual 66,09.02.20,0.97467,8,7,0.173904,0.154582,0.031976,0.183271,0.024766,0.206387,0.199782,,,,,,,,,,,,,,,,,,,,With,Build-Up,Build-Up,1,1,NV,NV,Traveling
939,WAC,Taï,South,Individual 66,09.02.20,0.54108,7,6,0.057972,0.085578,0.09478,0.091099,0.134349,0.077296,,,,,,,,,,,,,,,,,,,,,With,Build-Up,Build-Up,1,1,NV,NV,Traveling
941,WAC,Taï,South,Individual 67,09.02.20,0.10274,2,1,0.102738,,,,,,,,,,,,,,,,,,,,,,,,,,With,Build-Up,Build-Up,1,1,NV,NV,Traveling
943,WAC,Taï,South,Individual 69,28.01.20,1.40328,9,8,0.063409,0.173686,0.231582,0.10752,0.347373,0.102006,0.317047,0.060652,,,,,,,,,,,,,,,,,,,Without,0,0,0,0,NV,NV,Traveling
944,WAC,Taï,South,Individual 70,06.02.20,0.52577,5,4,0.124109,0.139905,0.055374,0.206384,,,,,,,,,,,,,,,,,,,,,,,With,Build-Up,Build-Up,1,1,NV,NV,Traveling
945,WAC,Taï,South,Individual 70,06.02.20,2.00115,6,5,0.424826,0.4211,0.339116,0.447185,0.368928,,,,,,,,,,,,,,,,,,,,,,With,after,after,0,0,NV,NV,Traveling
946,WAC,Nimba,Tongbongbon,Individual 71,01.01.13,0.74253,8,7,0.100999,0.138407,0.059851,0.132795,0.086036,0.125314,0.099129,,,,,,,,,,,,,,,,,,,,With,Build-Up,Build-Up,1,1,NV,NV,Traveling
947,WAC,Nimba,Tongbongbon,Individual 72,13.12.12,1.00278,5,4,0.245082,0.275016,0.246953,0.235728,,,,,,,,,,,,,,,,,,,,,,,With,Build-Up,Build-Up,1,1,NV,NV,Traveling
948,WAC,Nimba,Tongbongbon,Individual 72,03.02.12,1.10949,8,7,0.215863,0.111413,0.155514,0.192652,0.04178,0.178725,0.213542,,,,,,,,,,,,,,,,,,,,With,Build-Up,Climax,1,2,NV,NV,Traveling
949,WAC,Nimba,Tongbongbon,Individual 75,24.09.13,0.29803,3,2,0.168451,0.129578,,,,,,,,,,,,,,,,,,,,,,,,,With,Build-Up,Build-Up,1,1,NV,NV,Traveling
950,WAC,Nimba,Tongbongbon,Individual 72,05.01.14,1.23537,8,7,0.291706,0.116364,0.090859,0.168966,0.28533,0.219975,0.062167,,,,,,,,,,,,,,,,,,,,With,Build-Up,Build-Up,1,1,NV,NV,Traveling
951,WAC,Nimba,Tongbongbon,Individual 72,07.01.14,1.21267,6,5,0.239047,0.122014,0.126994,0.393432,0.33118,,,,,,,,,,,,,,,,,,,,,,With,Build-Up,Climax,1,2,NV,NV,Traveling
952,WAC,Nimba,Tongbongbon,Individual 75,09.06.20,2.2282,8,7,0.177137,0.09323,1.386018,0.080799,0.226859,0.13363,0.130522,,,,,,,,,,,,,,,,,,,,With,Build-Up,after,1,0,NV,NV,Traveling
953,WAC,Nimba,Tongbongbon,Individual 75,09.06.20,0.09076,2,1,0.09076,,,,,,,,,,,,,,,,,,,,,,,,,,Without,0,0,0,0,NV,NV,Traveling
954,WAC,Nimba,Tongbongbon,Individual 72,09.06.20,1.36932,6,5,0.182867,0.113203,0.468052,0.459344,0.145858,,,,,,,,,,,,,,,,,,,,,,With,Build-Up,Climax,1,2,NV,NV,Traveling
955,WAC,Nimba,Tongbongbon,Individual 74,09.06.20,1.98142,13,12,0.100917,0.275675,0.221525,0.196911,0.280598,0.113224,0.140299,0.184604,0.068919,0.14276,0.076303,0.179681,,,,,,,,,,,,,,,With,Build-Up,Climax,1,2,NV,NV,Resting
956,WAC,Nimba,Tongbongbon,Individual 74,09.06.20,2.92481,13,12,0.05114,0.140634,0.105476,0.55934,0.137438,0.281268,0.265287,0.432328,0.474218,0.162688,0.096921,0.218071,,,,,,,,,,,,,,,Without,0,0,0,0,NV,NV,Traveling
957,WAC,Nimba,Tongbongbon,Individual 76,09.06.20,2.90835,14,13,0.051606,0.1327,0.106897,0.353867,0.213795,0.125328,0.287517,0.261714,0.42759,0.475509,0.169561,0.092153,0.210109,,,,,,,,,,,,,,With,Build-Up,after,1,0,NV,NV,Traveling
958,WAC,Nimba,Tongbongbon,Individual 73,26.10.21,0.38863,3,2,0.184349,0.204279,,,,,,,,,,,,,,,,,,,,,,,,,With,Build-Up,Build-Up,1,1,NV,NV,Traveling
959,WAC,Nimba,Tongbongbon,Individual 74,26.10.21,1.8949,11,10,0.200448,0.096215,0.259246,0.160358,0.155013,0.213811,0.211138,0.144323,0.275282,0.179067,,,,,,,,,,,,,,,,,With,Build-Up,Climax,1,2,NV,NV,Traveling
960,WAC,Nimba,Tongbongbon,Individual 74,26.10.21,1.0973,7,6,0.147985,0.064547,0.244018,0.157431,0.132242,0.351071,,,,,,,,,,,,,,,,,,,,,With,Build-Up,Climax,1,2,NV,NV,Resting
961,WAC,Nimba,Tongbongbon,Individual 73,26.10.21,0.84731,6,5,0.161242,0.189696,0.189696,0.142272,0.164403,,,,,,,,,,,,,,,,,,,,,,With,Build-Up,Build-Up,1,1,NV,NV,Traveling
962,WAC,Nimba,Tongbongbon,Individual 72,26.10.21,0.89161,7,6,0.086396,0.096764,0.276468,0.079485,0.300659,0.051838,,,,,,,,,,,,,,,,,,,,,With,Build-Up,Build-Up,1,1,NV,NV,Traveling
963,WAC,Nimba,Tongbongbon,Individual 71,26.10.21,1.02926,6,5,0.155229,0.325255,0.102712,0.340418,0.105647,,,,,,,,,,,,,,,,,,,,,,With,Build-Up,Build-Up,1,1,NV,NV,Traveling
964,WAC,Nimba,Tongbongbon,Individual 76,27.10.21,2.87614,9,8,0.195941,0.297411,0.230931,0.965711,0.227432,0.206438,0.566831,0.185445,,,,,,,,,,,,,,,,,,,With,Build-Up,Climax,1,2,NV,NV,Traveling
965,WAC,Nimba,Tongbongbon,Individual 76,28.10.21,1.13455,12,11,0.040404,0.260203,0.063031,0.043637,0.048485,0.07596,0.059798,0.119596,0.124445,0.113132,0.185859,,,,,,,,,,,,,,,,With,Build-Up,Climax,1,2,NV,NV,Traveling
966,WAC,Nimba,Tongbongbon,Individual 74,29.10.21,1.17316,7,6,0.082926,0.156097,0.175609,0.436582,0.065853,0.256096,,,,,,,,,,,,,,,,,,,,,With,Build-Up,Build-Up,1,1,NV,NV,Traveling
967,WAC,Nimba,Tongbongbon,Individual 76,30.10.21,1.32435,5,4,0.030413,0.237774,0.945567,0.110593,,,,,,,,,,,,,,,,,,,,,,,With,after,after,0,0,NV,NV,Traveling
968,WAC,Nimba,Tongbongbon,Individual 72,31.10.21,0.50917,5,4,0.124519,0.12945,0.115889,0.139313,,,,,,,,,,,,,,,,,,,,,,,With,Climax,Climax,2,2,NV,NV,Traveling
969,WAC,Nimba,Tongbongbon,Individual 72,01.11.21,2.91734,18,17,0.041294,0.132731,0.098362,0.204289,0.064313,0.276169,0.170241,0.208073,0.143759,0.57882,0.170241,0.183747,0.065446,0.210736,0.083771,0.219898,0.065446,,,,,,,,,,With,Build-Up,Build-Up,1,1,NV,NV,Traveling
970,WAC,Nimba,Tongbongbon,Individual 76,02.11.21,0.80092,6,5,0.179282,0.208513,0.130564,0.128616,0.153949,,,,,,,,,,,,,,,,,,,,,,With,Build-Up,Climax,1,2,NV,NV,Traveling
971,WAC,Nimba,Tongbongbon,Individual 74,03.11.21,2.3152,8,7,0.126483,1.726775,0.065991,0.087989,0.164978,0.065991,0.07699,,,,,,,,,,,,,,,,,,,,With,Climax,after,2,0,NV,NV,Traveling
972,WAC,Nimba,Tongbongbon,Individual 72,04.11.21,0.20003,3,2,0.122467,0.077562,,,,,,,,,,,,,,,,,,,,,,,,,Without,0,0,0,0,NV,NV,Traveling
973,WAC,Nimba,Tongbongbon,Individual 72,05.11.21,0.62176,4,3,0.238677,0.206586,0.176501,,,,,,,,,,,,,,,,,,,,,,,,With,Build-Up,Build-Up,1,1,NV,NV,Traveling
975,WAC,Nimba,Tongbongbon,Individual 75,10.05.22,0.95307,5,4,0.168965,0.240248,0.290409,0.253448,,,,,,,,,,,,,,,,,,,,,,,Without,0,0,0,0,NV,NV,Traveling
976,WAC,Nimba,Gahtoy,Individual 21,09.06.20,0.40251,4,3,0.198176,0.076316,0.128014,,,,,,,,,,,,,,,,,,,,,,,,With,Unk,Unk,0,0,NV,NV,Traveling
977,WAC,Nimba,Gahtoy,Individual 21,10.06.20,0.82676,6,5,0.069243,0.063703,0.113558,0.423767,0.156489,,,,,,,,,,,,,,,,,,,,,,With,Build-Up,Build-Up,1,1,NV,NV,Traveling
978,WAC,Nimba,Gahtoy,Individual 19,11.06.20,1.00312,11,10,0.049407,0.089831,0.068871,0.08534,0.050904,0.09582,0.032938,0.41023,0.028447,0.091329,,,,,,,,,,,,,,,,,With,Build-Up,Climax,1,2,NV,NV,Traveling
979,WAC,Nimba,Gahtoy,Individual 19,12.06.20,2.31297,13,12,0.222898,0.209976,0.16152,0.16475,0.119525,0.171211,0.193824,0.155059,0.300427,0.193824,0.15829,0.261662,,,,,,,,,,,,,,,With,Climax,after,2,0,NV,NV,Traveling
980,WAC,Nimba,Gahtoy,Individual 19,02.01.20,1.10909,10,9,0.11924,0.115973,0.120873,0.127407,0.104539,0.137207,0.140474,0.112706,0.130673,,,,,,,,,,,,,,,,,,With,Build-Up,Climax,1,2,NV,NV,Traveling
981,WAC,Nimba,Gahtoy,Individual 19,02.01.20,2.48916,17,16,0.067274,0.072881,0.241067,0.120533,0.067274,0.232657,0.227051,0.106518,0.140155,0.168186,0.159777,0.072881,0.11773,0.103715,0.322357,0.269098,,,,,,,,,,,With,Build-Up,Build-Up,1,1,NV,NV,Traveling
982,WAC,Nimba,Gahtoy,Individual 19,28.03.21,0.21102,2,1,0.211021,,,,,,,,,,,,,,,,,,,,,,,,,,With,Build-Up,Build-Up,1,1,NV,NV,Traveling
983,WAC,Nimba,Gahtoy,Individual 19,16.02.22,1.49608,15,14,0.062071,0.109819,0.187806,0.087537,0.100269,0.197355,0.105044,0.087537,0.08117,0.124143,0.074804,0.119368,0.066846,0.092311,,,,,,,,,,,,,With,after,after,0,0,NV,NV,Traveling
984,WAC,Nimba,Gahtoy,Individual 21,01.04.22,0.89632,8,7,0.224079,0.131569,0.096621,0.156238,0.082231,0.080175,0.125402,,,,,,,,,,,,,,,,,,,,Without,0,0,0,0,NV,NV,Traveling
985,WAC,Nimba,Gahtoy,Individual 19,01.04.22,2.31145,14,13,0.081912,0.284132,0.312499,0.125218,0.191981,0.145906,0.186862,0.235497,0.107509,0.153585,0.053755,0.20734,0.225258,,,,,,,,,,,,,,With,Build-Up,after,1,0,NV,NV,Traveling
986,WAC,Nimba,Gahtoy,Individual 20,04.04.22,1.66968,17,16,0.126177,0.162474,0.153832,0.051853,0.119263,0.076052,0.103707,0.050125,0.148647,0.108892,0.101978,0.07778,0.133091,0.07778,0.112349,0.065681,,,,,,,,,,,With,Build-Up,Build-Up,1,1,NV,NV,Traveling
987,WAC,Nimba,Gahtoy,Individual 19,28.03.22,0.9496,9,8,0.123157,0.09885,0.121536,0.116675,0.17679,0.093831,0.095609,0.123157,,,,,,,,,,,,,,,,,,,With,Build-Up,Build-Up,1,1,NV,NV,Traveling
988,WAC,Taï,East,Individual 04,14.11.13,0.885113,6,5,0.123186,0.293161,0.031937,0.177935,0.257778,,,,,,,,,,,,,,,,,,,,,,With,Build-Up,Climax,1,2,Traveling,Traveling,Traveling
989,WAC,Taï,East,Individual 04,04.10.14,1.838696,11,10,0.078296,0.151541,0.040411,0.098502,0.217209,0.247517,0.181849,0.03536,0.618792,0.169221,,,,,,,,,,,,,,,,,With,Climax,Climax,2,2,Resting,Traveling,Traveling
990,WAC,Taï,East,Individual 04,10.12.14,1.674943,14,13,0.116912,0.116912,0.097824,0.126456,0.133614,0.10021,0.109754,0.145544,0.159859,0.128842,0.10021,0.190877,0.147929,,,,,,,,,,,,,,With,Build-Up,Climax,1,2,Resting,Resting,Resting
991,WAC,Taï,East,Individual 04,10.12.14,1.277698,9,8,0.235938,0.127044,0.112524,0.134303,0.104791,0.363456,0.141563,0.058077,,,,,,,,,,,,,,,,,,,with,Build-Up,Climax,1,2,NV,Traveling,Traveling
992,WAC,Taï,South,Individual 61,05.12.13,1.311438,8,7,0.166752,0.066006,0.217125,0.123327,0.202572,0.339373,0.196281,,,,,,,,,,,,,,,,,,,,with,Build-Up,Climax,1,2,NV,Traveling,Traveling
993,WAC,Taï,South,Individual 61,24.12.13,2.580391,15,14,0.073326,0.104752,0.171095,0.170815,0.10154,0.356157,0.251405,0.055868,0.275847,0.248823,0.330804,0.073326,0.111735,0.254897,,,,,,,,,,,,,with,Build-Up,Let-Down,1,3,NV,Resting,Resting
994,WAC,Taï,South,Individual 65,05.01.14,1.996365,12,11,0.083315,0.041658,0.185857,0.048486,0.057261,0.979969,0.212082,0.112155,0.060884,0.128178,0.08652,,,,,,,,,,,,,,,,with,Build-Up,after,1,0,NV,Resting,Resting
995,WAC,Taï,South,Individual 65,04.01.15,2.120719,17,16,0.099868,0.167425,0.070495,0.161551,0.058746,0.149801,0.082244,0.23792,0.240857,0.161551,0.061683,0.170362,0.067558,0.187986,0.105742,0.09693,,,,,,,,,,,with,Build-Up,Climax,1,2,NV,Traveling,Traveling
996,WAC,Taï,South,Individual 65,06.01.15,1.195662,6,5,0.175403,0.192943,0.213407,0.24264,0.371269,,,,,,,,,,,,,,,,,,,,,,with,Build-Up,Build-Up,1,1,Traveling,Traveling,Traveling
997,WAC,Taï,South,Individual 61,26.12.13,0.384247,3,2,0.267808,0.116438,,,,,,,,,,,,,,,,,,,,,,,,,with,Build-Up,after,1,0,NV,Traveling,Traveling
998,WAC,Taï,South,Individual 68,04.01.15,2.498339,20,19,0.081479,0.115786,0.047172,0.428836,0.420931,0.078907,0.182093,0.054628,0.07823,0.08363,0.034395,0.163883,0.038442,0.151744,0.042488,0.145674,0.066767,0.16186,0.121395,,,,,,,,with,Build-Up,after,1,0,Resting,Resting,Resting
999,WAC,Taï,South,Individual 68,04.01.15,0.404548,3,2,0.182765,0.221783,,,,,,,,,,,,,,,,,,,,,,,,,with,Build-Up,Build-Up,1,1,Resting,Traveling,Traveling
1000,WAC,Taï,South,Individual 68,08.01.15,2.08125,6,5,0.12344,0.063155,0.429282,1.333322,0.132052,,,,,,,,,,,,,,,,,,,,,,with,Build-Up,Climax,1,2,Feeding,Resting,Resting